upc,cedis,cluster,date,on_hand,stores_reporting,stockout_store_share,daily_mean_7d,demand_7d_p50,demand_7d_p90,cover_days,cover_threshold,p_stockout_7d,alert_cover,alert_prob,alert_iforest,iforest_score,severity
750101310055,CMD2,A-Z,2026-04-02,884.0,99,0.7272727272727273,580.2270128062504,4061.5890896437527,5607.861962289397,1.5235416147286227,21,0.999999999309826,True,True,True,0.7684864135085253,high
750101310553,CMD2,B-Z,2026-04-02,286.0,16,0.3125,110.43316961947492,773.0321873363245,1031.557528959092,2.5898016056723216,21,0.9999949927568227,True,True,False,0.5420755881305303,high
750101310689,CMD2,B-Z,2026-04-02,4610.0,71,0.028169014084507043,822.0122036486395,5754.0854255404765,6276.346049866072,5.608189245290689,21,0.9994624077566465,True,True,True,0.5786206159625663,high
750101310541,CMD2,A-Z,2026-04-02,5009.0,69,0.043478260869565216,1281.3458512449688,8969.420958714782,11378.107115036513,3.9091709667091084,21,0.9991516269424631,True,True,False,0.513774543606374,high
750101310695,CMD2,B-Y,2026-04-02,8985.0,150,0.08,1491.9800488441417,10443.860341908992,11087.440266787848,6.022198491836944,14,0.9986901236012837,True,True,False,0.5227593134274496,high
750101310055,CMTY,A-Z,2026-04-02,963.0,125,0.816,273.82830484000186,1916.798133880013,2642.560165070128,3.5168022552039746,21,0.9969964517418571,True,True,True,0.7664094357229254,high
750101310055,CCUL,A-Z,2026-04-02,607.0,112,0.8214285714285714,252.94064379182853,1770.5845065427998,3009.60869090944,2.399772495635633,21,0.9951471035840924,True,True,True,0.7365869186154542,high
750101310694,CMD2,B-Z,2026-04-02,21959.0,77,0.07792207792207792,3699.2444474611907,25894.711132228334,28367.81328925232,5.936077031911359,21,0.9897272957662578,True,True,False,0.5267504073728743,high
750101310553,CMTY,B-Z,2026-04-02,131.0,18,0.2777777777777778,29.948850059738835,209.64195041817183,277.506293397655,4.3741245402977045,21,0.9841713983664079,True,True,False,0.529488870187489,high
750101310581,CCUL,B-Y,2026-04-02,2351.0,67,0.04477611940298507,512.7928574405336,3589.550002083735,4667.119780111413,4.5846972435115,14,0.9805818395475876,True,True,True,0.6227843633791813,high
750101310278,CMD2,A-Z,2026-04-02,31181.0,501,0.00998003992015968,5788.304747694142,40518.13323385899,47844.98797904432,5.386896744236111,21,0.9782872749342074,True,True,False,0.5391257183199946,high
750101310478,CMD2,A-Y,2026-04-02,4246.0,109,0.05504587155963303,888.1566377338812,6217.096464137168,8356.851112858625,4.780688247552377,14,0.9507540994133739,True,True,False,0.5539296834208656,high
750101310692,CMD2,B-Z,2026-04-02,4120.0,72,0.05555555555555555,716.365072965075,5014.555510755525,5844.746307220138,5.751257501914617,21,0.9498822071603772,True,True,False,0.5473930302605737,high
750101310577,CMD2,B-Z,2026-04-02,2764.0,71,0.04225352112676056,474.5385916926527,3321.770141848569,3876.4941982491023,5.8246053079496996,21,0.936420923147492,True,True,True,0.5763138596511399,high
750101310578,CMD2,B-Y,2026-04-02,2615.0,72,0.05555555555555555,430.83516056893524,3015.8461239825465,3668.628237911552,6.069606752955787,14,0.824538101388698,True,True,False,0.5237102735680471,high
750101310014,CMD2,A-Z,2026-04-02,3164.0,70,0.05714285714285714,585.4525554987969,4098.167888491578,6093.070763660541,5.40436619548841,21,0.7984036974067305,True,True,False,0.5433309450528162,high
750101310055,TLJ,A-Z,2026-04-02,1182.0,120,0.7833333333333333,220.76072544550055,1545.3250781185038,2372.8566749271095,5.354213244292866,21,0.7884156391519683,True,True,True,0.732962673384098,high
750101310548,CMD2,B-Z,2026-04-02,13038.0,169,0.029585798816568046,2102.1413683822916,14714.98957867604,17861.55749622199,6.202247002081228,21,0.7882022075857316,True,True,True,0.6029198221855029,high
750101310553,TLJ,B-Z,2026-04-02,128.0,26,0.19230769230769232,24.969500364109443,174.7865025487661,288.9334528041889,5.126253955164602,21,0.7864943559578305,True,True,False,0.49434825133668675,high
750101310691,CMD2,B-Z,2026-04-02,4566.0,70,0.014285714285714285,672.1499329459973,4705.049530621981,4941.769272353356,6.793127211941338,21,0.7257385656037061,True,True,False,0.5385923814579686,high
750101310546,CMD2,A-Z,2026-04-02,18175.0,222,0.02702702702702703,2781.0910236488485,19467.63716554194,22679.80094845969,6.535205013230393,21,0.7178769274509245,True,True,False,0.5436152844091359,high
750101310449,CMD2,A-Z,2026-04-02,2377.0,70,0.04285714285714286,361.5456139455805,2530.8192976190635,2959.782415650004,6.5745507850574665,21,0.6961058534956558,True,True,False,0.4954128223781017,high
750101310055,VHSA,A-Z,2026-04-02,567.0,102,0.8725490196078431,91.0206494772347,637.1445463406429,975.798384367248,6.229355681996239,21,0.6370822461525839,True,True,True,0.7700478398040368,high
750101311750,CMD2,B-Z,2026-04-02,5101.0,71,0.04225352112676056,780.104774074024,5460.733418518168,7588.062562671856,6.538865251856499,21,0.6046709544673835,True,True,False,0.5046390950313697,high
750101310055,MXLI,A-Z,2026-04-02,485.0,121,0.8677685950413223,77.83599229019391,544.8519460313574,1128.0409780042503,6.231050516986885,21,0.5811842326953551,True,True,True,0.7141949051697707,high
750101310581,CMD2,B-Y,2026-04-02,2216.0,76,0.039473684210526314,315.2843583771886,2206.99050864032,2716.845694844975,7.028575763815411,14,0.4899796559105084,True,False,True,0.6248526979050995,medium
750101310690,CMD2,B-Z,2026-04-02,2547.0,73,0.0684931506849315,362.32205851736654,2536.2544096215656,2768.338561496492,7.02965756604057,21,0.47532896447911566,True,False,False,0.5204842650478738,medium
750101310621,CMD2,B-Z,2026-04-02,1002.0,64,0.015625,141.49698990209706,990.4789293146794,1222.0686568093456,7.081422726330024,21,0.4718829487204961,True,False,False,0.45226643372727576,medium
750101310445,CMD2,A-Z,2026-04-02,1863.0,70,0.04285714285714286,256.2346935081645,1793.6428545571518,2316.195266721996,7.270678199322912,21,0.4245891903525868,True,False,False,0.4989847900843551,medium
750101310283,CMD2,A-Z,2026-04-02,10939.0,183,0.03825136612021858,1461.4430031336292,10230.101021935405,12215.999948499695,7.485067824434188,21,0.31420012554669885,True,False,False,0.4657198285233266,medium
750101135068,CMD2,A-Z,2026-04-02,1204.0,70,0.07142857142857142,152.52409282866634,1067.6686498006643,1433.7566641653675,7.8938348537006515,21,0.30070511797454635,True,False,False,0.48848276576728544,medium
750101310406,CMD2,A-Y,2026-04-02,39634.0,510,0.011764705882352941,5301.494061688653,37110.458431820574,42715.66557872078,7.476005733254677,14,0.2744634566484506,True,False,False,0.4538606040686112,medium
750101310968,CMD2,B-Y,2026-04-02,53998.0,510,0.021568627450980392,6850.12826985321,47950.897888972475,59225.50947007346,7.882772098975178,14,0.2355244445913378,True,False,True,0.6536190536478206,medium
750101310550,CMD2,B-Y,2026-04-02,22406.0,494,0.01417004048582996,2887.139620049927,20209.97734034949,23147.419572289084,7.760622258930635,14,0.16499797312379616,True,False,True,0.5777426321843022,medium
750101310581,CMTY,B-Y,2026-04-02,1836.0,82,0.04878048780487805,216.9956037618909,1518.9692263332363,1856.7168149351469,8.461000905873842,14,0.11315250055831061,True,False,False,0.5286946458821478,medium
750101310478,VHSA,A-Y,2026-04-02,3864.0,99,0.050505050505050504,406.22722673567085,2843.590587149696,3879.4548827572853,9.51191782749283,14,0.10292080496143918,True,False,False,0.5099816790477615,medium
750101310407,CMD2,A-Y,2026-04-02,34353.0,510,0.011764705882352941,4103.394321559031,28723.760250913216,34146.14841600032,8.371849573293758,14,0.092368380121567,True,False,False,0.438722999904777,medium
750101310054,CCUL,A-Y,2026-04-02,6514.0,235,0.01276595744680851,621.1785836088303,4348.250085261812,6233.656097238949,10.486517358914627,14,0.07520708113245311,True,False,True,0.659399405353568,medium
750101310327,CMD2,A-Y,2026-04-02,10379.0,182,0.038461538461538464,1272.7527480730162,8909.269236511112,10155.52539761938,8.154765342847698,14,0.06750793117071385,True,False,False,0.41747432664480194,medium
750101310014,CCUL,A-Z,2026-04-02,3262.0,57,0.03508771929824561,210.8152718994931,1475.7069032964516,2891.171683615611,15.473262304996432,21,0.06532867727887814,True,False,False,0.5219599559292516,medium
61300876522,CMD2,A-Y,2026-04-02,33792.0,509,0.011787819253438114,3734.6270691819486,26142.38948427364,32232.014435558493,9.048293008651589,14,0.05811350681329264,True,False,False,0.4599160985209988,medium
750101310541,CMTY,A-Z,2026-04-02,3496.0,67,0.1044776119402985,358.6711811733211,2510.6982682132475,3198.707819226873,9.74708921013262,21,0.03990156506673015,True,False,False,0.40732553414937417,medium
750101310551,CMD2,B-Z,2026-04-02,3343.0,69,0.028985507246376812,359.59450221834777,2517.1615155284344,3059.124669303249,9.296582621194002,21,0.031107253958731707,True,False,False,0.43163672660229224,medium
750101310014,TLJ,A-Z,2026-04-02,3628.0,77,0.0,203.83181083187466,1426.8226758231226,2612.5748512008245,17.798988220697606,21,0.02400921039040982,True,False,False,0.4362473126275224,medium
750101310553,MXLI,B-Z,2026-04-02,126.0,19,0.42105263157894735,8.740444905547541,61.18311433883279,97.55026284627824,14.41574214603516,21,0.023594791442336338,True,False,False,0.3828687109500803,medium
750101310326,CMD2,A-Y,2026-04-02,11082.0,183,0.0546448087431694,1183.3047300954154,8283.133110667908,9950.381517100795,9.3652967981514,14,0.020963063514904512,True,False,False,0.42628946840528614,medium
750101310278,CMTY,A-Z,2026-04-02,25447.0,470,0.02553191489361702,2738.035526829633,19166.24868780743,22874.493834857945,9.293889633881063,21,0.01999944345220306,True,False,False,0.44031944595621847,medium
750101310014,CMTY,A-Z,2026-04-02,2705.0,67,0.07462686567164178,144.5209514081703,1011.6466598571922,1856.5778252426887,18.717009358458156,21,0.01894850373101531,True,False,False,0.4726960279758209,medium
750101311750,CCUL,B-Z,2026-04-02,2988.0,56,0.07142857142857142,178.60878417955232,1250.2614892568663,2087.804171005442,16.72930037414182,21,0.014720293432709974,True,False,False,0.4334062199782991,medium
61300876528,CMD2,A-Y,2026-04-02,41974.0,510,0.0058823529411764705,4031.701753507206,28221.912274550443,35571.08606898017,10.410988353363818,14,0.01397128944289705,True,False,False,0.4521249793139785,medium
750101310553,VHSA,B-Z,2026-04-02,189.0,23,0.17391304347826086,10.509152621818123,73.56406835272686,127.19987276728908,17.9843234560716,21,0.013612443537385222,True,False,False,0.40238876193093215,medium
750101310482,CMD2,A-Y,2026-04-02,9612.0,370,0.05405405405405406,993.6761391020044,6955.732973714031,8359.931885446416,9.673171792860463,14,0.012091555950458077,True,False,False,0.3983738293934358,medium
61300876519,CMD2,A-Y,2026-04-02,44566.0,510,0.00784313725490196,4269.42105167015,29885.947361691047,37239.40513371935,10.438417635704091,14,0.009959106222082514,True,False,False,0.4548452669593473,medium
750101310553,CCUL,B-Z,2026-04-02,231.0,22,0.13636363636363635,17.02278210264338,119.15947471850366,169.4905144150879,13.57004974904362,21,0.008025791269820504,True,False,False,0.4578993152915282,medium
750101135069,CMD2,A-Z,2026-04-02,1292.0,70,0.04285714285714286,101.5071412302981,710.5499886120867,915.1531428756294,12.728168524308323,21,0.001230772504920652,True,False,False,0.3965802323213331,medium
7507891,CMD2,C-Z,2026-04-02,117132.0,510,0.01764705882352941,7540.425688658145,52782.97982060702,73810.5339830328,15.533871008924988,21,0.0011574861167440442,True,False,False,0.3889244870121607,medium
750101310556,CMD2,B-Z,2026-04-02,2111.0,71,0.056338028169014086,142.57809984980784,998.0466989486548,1359.1760994893857,14.805920419922366,21,0.0009399736208239862,True,False,False,0.4896397570799141,medium
750101310054,CMD2,A-Y,2026-04-02,6154.0,238,0.01680672268907563,392.2631440817028,2745.84200857192,3790.6146908076753,15.68844815743946,14,0.0006694483051763456,False,False,True,0.6504553817936274,medium
750101310119,CMTY,A-Z,2026-04-02,4825.0,205,0.04878048780487805,5.490734309683073,38.43514016778151,265.56377794747283,878.7531371698261,21,0.0006370974206408864,False,False,True,0.614377128002685,medium
750101310541,VHSA,A-Z,2026-04-02,4463.0,72,0.05555555555555555,349.90015524580406,2449.3010867206285,3102.97528730879,12.75506721871773,21,0.000575835543712433,True,False,False,0.506698376331417,medium
61300876522,CMTY,A-Y,2026-04-02,30805.0,481,0.008316008316008316,2293.0769364395323,16051.538555076728,20370.50611190517,13.43391471540899,14,0.0002274960977440843,True,False,False,0.5248458172227567,medium
750101310607,CMD2,B-Z,2026-04-02,1964.0,168,0.31547619047619047,184.50463620761045,1291.532453453273,1503.459239445487,10.644718964080909,21,0.00020357171451979017,True,False,False,0.3794674885384873,medium
7507891,CMTY,C-Z,2026-04-02,130634.0,484,0.03512396694214876,6376.935337325912,44638.54736128138,63880.765021830164,20.48538884115136,21,6.165888193199187e-05,True,False,False,0.359749541192197,medium
750101310480,CMD2,A-Y,2026-04-02,11520.0,433,0.04387990762124711,938.7308220197714,6571.1157541384,7877.890508340073,12.271888522008462,14,3.643891887727957e-05,True,False,False,0.4058168207310875,medium
61300876519,CMTY,A-Y,2026-04-02,43098.0,483,0.012422360248447204,3358.2336234229156,23507.63536396041,28222.659648378918,12.83353239613863,14,1.0710855925855078e-05,True,False,False,0.4608006834134749,medium
750101310541,TLJ,A-Z,2026-04-02,4703.0,75,0.0,286.806553068111,2007.6458714767768,2554.148624623403,16.397812217641793,21,2.932999960791882e-06,True,False,False,0.5482832831954795,medium
61300876525,CMD2,A-Y,2026-04-02,29093.0,509,0.005893909626719057,2676.730185682904,18737.11129978033,21204.08978850569,10.868857890724467,14,2.5720299701159632e-06,True,False,False,0.40387148575486426,medium
750101310407,TLJ,A-Y,2026-04-02,31660.0,463,0.01079913606911447,2282.6718745417106,15978.703121791974,19336.82522855939,13.869711347083706,14,2.174414166833394e-06,True,False,False,0.3964641743509707,medium
750101310283,CMTY,A-Z,2026-04-02,11095.0,165,0.04242424242424243,714.1759043670129,4999.2313305690905,6066.984377309756,15.535388315619105,21,6.536676344648384e-08,True,False,False,0.3820067736005231,medium
750101310693,CMD2,B-Z,2026-04-02,34808.0,337,0.19584569732937684,3683.5608456034824,25784.925919224377,27706.524562517992,9.449552066323303,21,4.400372077828507e-08,True,False,False,0.4179932675351186,medium
750101310541,CCUL,A-Z,2026-04-02,3291.0,58,0.034482758620689655,161.6817057306042,1131.7719401142294,1444.357553726917,20.35480752215405,21,1.0171713804574267e-08,True,False,False,0.37509104995101417,medium
750101310119,TLJ,A-Z,2026-04-02,4343.0,187,0.0748663101604278,3.4855542215181177,24.398879550626823,79.5436424670535,1245.9998393335638,21,9.586153426610622e-09,False,False,True,0.6164400334619102,medium
750101310548,TLJ,B-Z,2026-04-02,10107.0,145,0.006896551724137931,499.42658584467165,3495.9861009127017,4327.331075074255,20.23720860375545,21,9.009903934042995e-11,True,False,False,0.46364817141117165,medium
539153751156,CMD2,A-Z,2026-04-02,1672.0,69,0.028985507246376812,0.01494145704310444,0.10459019930173108,6.81266427074393,111903.41043557307,21,5.0680792895718696e-11,False,False,True,0.5863630992568609,medium
750101310278,TLJ,A-Z,2026-04-02,25015.0,452,0.01327433628318584,1559.1020956379482,10913.714669465637,12845.338222339637,16.044491294051173,21,3.4461655751272247e-11,True,False,False,0.3825604431203878,medium
750101310054,TLJ,A-Y,2026-04-02,6958.0,243,0.012345679012345678,205.88117760521195,1441.1682432364837,1943.469373330628,33.79619293485067,14,7.506550936398071e-12,False,False,True,0.5815621243728448,medium
750101310546,TLJ,A-Z,2026-04-02,12923.0,202,0.024752475247524754,767.8607730584761,5375.025411409332,6280.91718318153,16.829873921708792,21,2.636779683484747e-13,True,False,False,0.38183893865891866,medium
750101310577,CMTY,B-Z,2026-04-02,2644.0,69,0.057971014492753624,131.4996993033686,920.4978951235802,1097.600637621238,20.106509855207474,21,7.66053886991358e-15,True,False,False,0.3792903245084892,medium
750101310548,CMTY,B-Z,2026-04-02,9050.0,144,0.020833333333333332,497.6196844345698,3483.3377910419886,4067.512860170449,18.186579596993315,21,1.4432899320127035e-15,True,False,False,0.40796955310500177,medium
750101310448,CMD2,A-Z,2026-04-02,2242.0,71,0.04225352112676056,0.0,0.0,13.273087927436652,2242000000.0,21,0.0,False,False,True,0.5979451747951019,medium
750101310546,VHSA,A-Z,2026-04-02,14673.0,199,0.03015075376884422,713.3975536643666,4993.782875650566,5733.174427460982,20.567774482309527,21,0.0,True,False,False,0.3680746438766438,medium
750101310692,MXLI,B-Z,2026-04-02,3449.0,79,0.05063291139240506,37.79061116165353,264.5342781315747,337.237189931746,91.26605508565395,21,0.0,False,False,True,0.5788369116654609,medium
750101310694,TLJ,B-Z,2026-04-02,17272.0,79,0.02531645569620253,1000.9795814940582,7006.857070458407,8004.983217324149,17.255097226079158,21,0.0,True,False,False,0.37911445002841043,medium
750101310478,TLJ,A-Y,2026-04-02,3050.0,85,0.047058823529411764,184.43987866681937,1291.0791506677356,1871.161904933344,16.536553927741732,14,0.0014943413869782374,False,False,False,0.4079358660198335,none
750101310014,MXLI,A-Z,2026-04-02,3515.0,76,0.02631578947368421,104.55254753631642,731.867832754215,1426.5565380530118,33.61945818468997,21,0.0012929406334851734,False,False,False,0.44307153543933314,none
750101310014,VHSA,A-Z,2026-04-02,3689.0,77,0.03896103896103896,145.18579376631132,1016.3005563641792,1681.3797778497042,25.4088220638016,21,0.0005159122293300067,False,False,False,0.39591570110937546,none
750101310955,CCUL,B-Z,2026-04-02,2.0,1,0.0,0.03318252455156481,0.2322776718609537,2.211912573674956,60.27268952644185,21,0.00025484472603132247,False,False,False,0.38326695993154153,none
750101310471,VHSA,A-Y,2026-04-02,2582.0,78,0.02564102564102564,65.94287031035857,461.60009217250996,841.4401917361288,39.155104833136285,14,0.0001190669413716483,False,False,False,0.4970494495205414,none
750101310482,VHSA,A-Y,2026-04-02,9323.0,308,0.1038961038961039,622.4536669463699,4357.17566862459,5579.963492940436,14.977821635683707,14,4.0580215544983034e-05,False,False,False,0.39774453175399366,none
750101311750,CMTY,B-Z,2026-04-02,3951.0,68,0.029411764705882353,151.15472117468465,1058.0830482227925,1609.7193398347865,26.138779981830382,21,2.861406494680807e-05,False,False,False,0.3641046807065153,none
750101310314,TLJ,A-Y,2026-04-02,137308.0,462,0.030303030303030304,6418.420349099218,44928.94244369453,64096.54272308358,21.392802672899144,14,2.7959994591375548e-05,False,False,False,0.37713704393711067,none
750101310470,VHSA,A-X,2026-04-02,2475.0,79,0.05063291139240506,79.88370351566276,559.1859246096393,896.7602613400777,30.982539505253758,10,2.7161514876916648e-05,False,False,False,0.44114846885054626,none
750101311750,TLJ,B-Z,2026-04-02,5461.0,77,0.0,251.68609420769644,1761.802659453875,2491.08308171266,21.697662785825077,21,1.4220020708610726e-05,False,False,False,0.4126452136950885,none
750101311750,MXLI,B-Z,2026-04-02,5858.0,76,0.013157894736842105,154.96418251016917,1084.7492775711842,1788.2466507675745,37.802283760736664,21,7.676961314873054e-06,False,False,False,0.3535241626039702,none
750101310312,TLJ,A-Y,2026-04-02,161813.0,463,0.038876889848812095,8053.978614803454,56377.850303624175,77023.53053715735,20.0910640242554,14,7.443189763089997e-06,False,False,False,0.38016826367796736,none
750101310342,CMTY,A-Z,2026-04-02,71552.0,425,0.042352941176470586,2275.5542384118194,15928.879668882735,23798.416999885605,31.44376820037407,21,8.119496737180043e-07,False,False,False,0.3586310161867962,none
750101310480,VHSA,A-Y,2026-04-02,12229.0,382,0.04712041884816754,659.9078207318728,4619.35474512311,5951.086397771893,18.53137607376344,14,4.212381700119394e-07,False,False,False,0.4232466472379972,none
750101311750,VHSA,B-Z,2026-04-02,4710.0,75,0.013333333333333334,126.34899350053391,884.4429545037374,1361.7472522904077,37.27770098920572,21,3.408438314922435e-07,False,False,False,0.44753465071090737,none
61300876528,CMTY,A-Y,2026-04-02,37182.0,483,0.008281573498964804,2212.9419415514126,15490.593590859888,19361.10984966188,16.802067556247344,14,2.437653473519319e-07,False,False,False,0.40086509600900966,none
750101310340,CMTY,A-Z,2026-04-02,89095.0,420,0.030952380952380953,2415.1127427335405,16905.789199134782,25726.96185748393,36.89061732959017,21,1.9596679945443896e-07,False,False,False,0.35381970983210753,none
7507891,TLJ,C-Z,2026-04-02,110711.0,462,0.0367965367965368,3635.0394512393987,25445.27615867579,36205.03246028399,30.45661580433525,21,4.565364419839568e-08,False,False,False,0.36003331349584783,none
750101310448,CCUL,A-Z,2026-04-02,1801.0,56,0.0,1.5691324373340847,10.983927061338592,36.892345597420565,1147.7680004243953,21,3.4410623683811536e-08,False,False,False,0.5549493834073227,none
750101310534,CMTY,A-Y,2026-04-02,132118.0,480,0.0125,5700.039495080998,39900.27646556698,51594.78116635183,23.178435888736345,14,1.1889635942452514e-09,False,False,False,0.36045955046465833,none
750101310533,CMTY,A-Y,2026-04-02,120624.0,481,0.016632016632016633,4704.855417041161,32933.98791928813,43448.19666932501,25.638194866327964,14,9.586729188271192e-10,False,False,False,0.36522467686410903,none
750101310581,TLJ,B-Y,2026-04-02,2845.0,92,0.0,164.31556862380856,1150.20898036666,1395.0676072806184,17.3142449241281,14,9.078834350972897e-10,False,False,False,0.4968843617135134,none
750101310341,CMTY,A-Z,2026-04-02,84368.0,423,0.04491725768321513,2887.833068875203,20214.83148212642,27332.52185289506,29.214985072825186,21,6.400262542172186e-10,False,False,False,0.34899760271111246,none
750101310326,CMTY,A-Y,2026-04-02,9575.0,169,0.08284023668639054,488.4315341954308,3419.0207393680157,4243.992401574604,19.60356637450206,14,5.118305779205912e-10,False,False,False,0.3556679062309459,none
750101310326,TLJ,A-Y,2026-04-02,10479.0,174,0.07471264367816093,446.5755794403817,3126.029056082672,4027.94716213729,23.465232946977473,14,4.820028820518019e-10,False,False,False,0.40806000896995337,none
750101310340,VHSA,A-Z,2026-04-02,89797.0,410,0.05121951219512195,1330.8337152155634,9315.836006508944,14894.460399909402,67.4742448837457,21,3.049898111839866e-10,False,False,False,0.35342397852915575,none
750101310119,CMD2,A-Z,2026-04-02,4019.0,193,0.04145077720207254,8.047515980967294,56.33261186677106,135.33866313672596,499.408762841242,21,2.1936252814214185e-10,False,False,False,0.4502614469561459,none
750101310342,VHSA,A-Z,2026-04-02,65528.0,404,0.03712871287128713,1055.4141736351448,7387.899215446014,11556.987058693077,62.08747393859895,21,2.0342560969055512e-10,False,False,False,0.4544092429577844,none
750101310449,CMTY,A-Z,2026-04-02,1695.0,65,0.06153846153846154,40.639448826529026,284.4761417857032,407.49952971041193,41.708242826697024,21,9.803713396649982e-11,False,False,False,0.36714907060326224,none
750101310054,CMTY,A-Y,2026-04-02,6488.0,245,0.00816326530612245,180.39797124082745,1262.785798685792,1752.263283303751,35.96492773934058,14,7.635225784952127e-11,False,False,False,0.49365856722906687,none
750101310312,CMTY,A-Y,2026-04-02,162113.0,483,0.037267080745341616,5153.25205721348,36072.76440049436,48503.16039712774,31.458387480401925,14,3.9032332921351554e-11,False,False,False,0.36115621348680593,none
750101310314,CMD2,A-Y,2026-04-02,128199.0,510,0.0392156862745098,7189.163147536376,50324.14203275463,60472.68378604635,17.832256323732476,14,3.43853834294805e-11,False,False,False,0.3722599554074155,none
750101310555,CMTY,B-Y,2026-04-02,1759.0,66,0.09090909090909091,43.021671020229746,301.1516971416082,424.82318289751925,40.886370944840316,14,2.4514612562143157e-11,False,False,False,0.3634002491821548,none
750101310312,CMD2,A-Y,2026-04-02,161094.0,510,0.023529411764705882,7444.800341482644,52113.60239037851,64910.29519652144,21.63845806614578,14,2.2484569761616058e-11,False,False,False,0.3735113203828506,none
750101310407,CMTY,A-Y,2026-04-02,31602.0,484,0.010330578512396695,1789.7659986243511,12528.361990370458,14996.742414348511,17.657056857874107,14,2.1509127812180395e-11,False,False,False,0.3713633902693697,none
750101310968,TLJ,B-Y,2026-04-02,50608.0,463,0.017278617710583154,2212.303197658775,15486.122383611424,19457.10285497788,22.875707115352533,14,1.4835688233461042e-11,False,False,False,0.3972295578877226,none
750101310314,CMTY,A-Y,2026-04-02,124912.0,484,0.030991735537190084,4593.302819470089,32153.119736290624,41702.24147021788,27.194375139066185,14,1.1309064795739232e-11,False,False,False,0.3684226890284844,none
750101310621,CMTY,B-Z,2026-04-02,899.0,62,0.016129032258064516,26.871156766407438,188.09809736485207,253.5758302597863,33.45594712632063,21,9.623746244358244e-12,False,False,False,0.45737022796793864,none
750101135068,CCUL,A-Z,2026-04-02,845.0,56,0.05357142857142857,16.464837397469456,115.25386178228618,167.87062854942468,51.321490738188,21,5.639488875885945e-12,False,False,False,0.3587160326909977,none
750101310445,TLJ,A-Z,2026-04-02,1727.0,77,0.012987012987012988,43.50357544298096,304.52502810086673,421.2692595105596,39.6978864935719,21,3.611111409895784e-12,False,False,False,0.4181437356494095,none
750101310340,CCUL,A-Z,2026-04-02,81748.0,419,0.03579952267303103,1081.7478833910066,7572.235183737045,11789.94201367007,75.57028884007673,21,2.8612667790639534e-12,False,False,False,0.3661663812701483,none
750101135069,CMTY,A-Z,2026-04-02,856.0,68,0.07352941176470588,21.057651909505076,147.40356336653554,204.33901781468265,40.65030629619325,21,2.556288514199423e-12,False,False,False,0.3464237040059319,none
750101310406,TLJ,A-Y,2026-04-02,38020.0,463,0.0064794816414686825,2544.936125836061,17814.552880852425,20504.50817614931,14.939471216594756,14,2.4484858585083202e-12,False,False,False,0.49718177043394535,none
750101310478,MXLI,A-Y,2026-04-02,4334.0,105,0.06666666666666667,59.465146333539415,416.25602433477593,640.4403833026834,72.88302925701447,14,1.5967227540159001e-12,False,False,False,0.502000499432814,none
750101310327,CMTY,A-Y,2026-04-02,9322.0,167,0.041916167664670656,588.1738838430454,4117.217186901317,4784.344393716257,15.849054601151899,14,1.5412116027846423e-12,False,False,False,0.48008513445708606,none
750101310342,CCUL,A-Z,2026-04-02,68713.0,418,0.03588516746411483,916.9773091251544,6418.841163876081,9901.105887111731,74.93424244658343,21,1.1920464615400306e-12,False,False,False,0.48603418072860227,none
750101310578,CMTY,B-Y,2026-04-02,2686.0,66,0.045454545454545456,126.76664927363201,887.3665449154241,1082.9439207584342,21.18853827399143,14,5.161426841482353e-13,False,False,False,0.35390692352444975,none
750101310621,TLJ,B-Z,2026-04-02,1138.0,74,0.013513513513513514,28.46380799526488,199.24665596685415,272.32650546042095,39.98059571612178,21,4.440892098500626e-13,False,False,False,0.36296721490460915,none
750101135109,CMD2,A-Y,2026-04-02,26234.0,244,0.01639344262295082,1708.0853492550527,11956.59744478537,13761.16610849119,15.35871729796256,14,3.921307722976053e-13,False,False,False,0.45160454627828694,none
750101310556,TLJ,B-Z,2026-04-02,2512.0,79,0.02531645569620253,27.542569433030767,192.79798603121537,302.62100944946894,91.20427221243392,21,1.4654943925052066e-13,False,False,False,0.47166461737035315,none
750101310533,VHSA,A-Y,2026-04-02,109084.0,463,0.03023758099352052,2735.5841000758987,19149.08870053129,25893.999633754695,39.875944591494545,14,7.382983113757291e-14,False,False,False,0.3568344103264765,none
750101310556,CMTY,B-Z,2026-04-02,1571.0,65,0.046153846153846156,33.76278933476923,236.3395253433846,327.10676046156914,46.53051572318315,21,4.04121180963557e-14,False,False,False,0.3516393052392365,none
750101310482,TLJ,A-Y,2026-04-02,9560.0,306,0.07516339869281045,304.13103106069383,2128.917217424857,2752.1574864851937,31.43381971467476,14,3.275157922644212e-14,False,False,False,0.4183007676556628,none
750101310327,TLJ,A-Y,2026-04-02,10365.0,170,0.06470588235294118,445.4445510680543,3118.11185747638,3816.678679396503,23.26888941653358,14,1.3211653993039363e-14,False,False,False,0.34862625358137755,none
61300876528,TLJ,A-Y,2026-04-02,40352.0,463,0.01079913606911447,1728.0568635137702,12096.398044596392,14807.198232705934,23.351083434806455,14,1.1213252548714081e-14,False,False,False,0.3951308637933175,none
750101310551,CCUL,B-Z,2026-04-02,2854.0,58,0.05172413793103448,62.00729646426753,434.0510752498727,595.4139455354918,46.02684139994158,21,1.1213252548714081e-14,False,False,False,0.3474700384859448,none
750101310445,CMTY,A-Z,2026-04-02,1315.0,66,0.015151515151515152,33.44183438832042,234.09284071824294,312.3456048470799,39.32200562715735,21,8.659739592076221e-15,False,False,False,0.35953149389466493,none
750101310550,VHSA,B-Y,2026-04-02,21832.0,427,0.01405152224824356,1172.4005797745342,8206.80405842174,9663.45762241118,18.621621633962803,14,8.326672684688674e-15,False,False,False,0.4454120552738565,none
750101310445,CCUL,A-Z,2026-04-02,1142.0,56,0.03571428571428571,21.21205481812428,148.48438372686996,208.70088399622108,53.83731136807347,21,7.993605777301127e-15,False,False,False,0.36118476203525396,none
750101135069,TLJ,A-Z,2026-04-02,1154.0,77,0.03896103896103896,19.609782212447772,137.2684754871344,195.7310414445269,58.848180336621546,21,7.327471962526033e-15,False,False,False,0.3668206232359724,none
750101310406,CMTY,A-Y,2026-04-02,34920.0,484,0.012396694214876033,1968.4036224144108,13778.825356900876,16086.59496441722,17.74026404054658,14,6.994405055138486e-15,False,False,False,0.3592628752980816,none
750101310534,VHSA,A-Y,2026-04-02,116290.0,463,0.02591792656587473,3632.6842528296706,25428.789769807696,32751.798133982564,32.01214085959059,14,6.8833827526759706e-15,False,False,False,0.4611786560467146,none
750101135069,VHSA,A-Z,2026-04-02,1226.0,77,0.012987012987012988,15.17381835069313,106.21672845485192,159.2775230878135,80.79706581857144,21,5.10702591327572e-15,False,False,False,0.3686517952323031,none
750101310475,CMD2,A-Y,2026-04-02,5514.0,177,0.03389830508474576,185.18068256657713,1296.26477796604,1647.4233669294508,29.77632398572447,14,4.9960036108132044e-15,False,False,False,0.41051317862033443,none
750101310342,TLJ,A-Z,2026-04-02,69438.0,403,0.03225806451612903,1024.1905191837225,7169.333634286057,10436.05594308882,67.79793280584352,21,4.551914400963142e-15,False,False,False,0.36347062311769907,none
750101310054,MXLI,A-Y,2026-04-02,6975.0,261,0.011494252873563218,82.83067855082872,579.8147498558011,873.1856395841787,84.20793022623639,14,3.4416913763379853e-15,False,False,False,0.5523661839552484,none
750101310314,VHSA,A-Y,2026-04-02,117141.0,463,0.017278617710583154,2403.2335551220713,16822.6348858545,23097.068103713213,48.74307773804776,14,2.1094237467877974e-15,False,False,False,0.36547722850304726,none
750101310474,CMD2,A-Y,2026-04-02,5110.0,176,0.03977272727272727,218.862466498239,1532.037265487673,1864.2698708814933,23.347996034948807,14,1.887379141862766e-15,False,False,False,0.4339422883211694,none
750101310448,TLJ,A-Z,2026-04-02,2233.0,77,0.0,1.0484985020047526,7.339489514033269,18.563592312510288,2129.7121509763288,21,1.4432899320127035e-15,False,False,False,0.5595476491909837,none
750101310534,TLJ,A-Y,2026-04-02,124899.0,461,0.021691973969631236,3616.313390491531,25314.19373344072,32796.00140924954,34.53765935452393,14,1.4432899320127035e-15,False,False,False,0.3519743213998757,none
750101310473,VHSA,A-Y,2026-04-02,5323.0,176,0.028409090909090908,81.75895656699156,572.312695968941,821.0100642407904,65.1060168024337,14,1.2212453270876722e-15,False,False,False,0.37011439193870416,none
750101135068,MXLI,A-Z,2026-04-02,1100.0,75,0.09333333333333334,15.280299195719063,106.96209437003344,155.8019598426831,71.98811920568784,21,9.992007221626409e-16,False,False,False,0.5128279401801804,none
750101310340,TLJ,A-Z,2026-04-02,87075.0,397,0.022670025188916875,1060.3392712111681,7422.374898478177,11014.767828935688,82.11994251664275,21,6.661338147750939e-16,False,False,False,0.37042897209388637,none
7507891,VHSA,C-Z,2026-04-02,118046.0,463,0.012958963282937365,1386.8328268336245,9707.829787835371,14381.725195195651,85.11912734970308,21,2.220446049250313e-16,False,False,False,0.3787825036021313,none
750101310578,TLJ,B-Y,2026-04-02,3848.0,77,0.0,114.64035355163651,802.4824748614556,1026.5746633226668,33.5658420511306,14,2.220446049250313e-16,False,False,False,0.40592357417092045,none
750101310315,CMTY,A-Y,2026-04-02,92052.0,484,0.06198347107438017,2886.548531902078,20205.839723314548,25556.87577612218,31.88998867770387,14,1.1102230246251565e-16,False,False,False,0.48316979158532297,none
750101310551,TLJ,B-Z,2026-04-02,3458.0,75,0.013333333333333334,102.72310444416635,719.0617311091645,917.1640494566418,33.663312832212405,21,1.1102230246251565e-16,False,False,False,0.33965937703763127,none
750101310555,VHSA,B-Y,2026-04-02,1859.0,77,0.05194805194805195,11.076918961671067,77.53843273169747,127.61788690492416,167.82645123906826,14,1.1102230246251565e-16,False,False,False,0.397811261229359,none
750101310621,VHSA,B-Z,2026-04-02,1114.0,75,0.013333333333333334,23.01632397099696,161.11426779697874,217.40565934506736,48.40043098992522,21,1.1102230246251565e-16,False,False,False,0.36397026365296714,none
7507891,CCUL,C-Z,2026-04-02,102610.0,463,0.023758099352051837,880.4506678564729,6163.15467499531,8858.097118400794,116.54258863794401,21,0.0,False,False,False,0.5452829121295015,none
7507891,MXLI,C-Z,2026-04-02,115162.0,467,0.021413276231263382,815.7010656594799,5709.907459616359,7865.898578871738,141.18162259220975,21,0.0,False,False,False,0.5259874431479568,none
61300876519,MXLI,A-Y,2026-04-02,48522.0,467,0.017130620985010708,782.2967719623991,5476.077403736794,6951.8768327597545,62.02505460719477,14,0.0,False,False,False,0.422085995431933,none
61300876519,TLJ,A-Y,2026-04-02,44916.0,463,0.012958963282937365,1848.5685773546027,12939.980041482218,15573.125576584884,24.297719083961237,14,0.0,False,False,False,0.41386556403295033,none
61300876522,CCUL,A-Y,2026-04-02,30056.0,459,0.023965141612200435,431.38573182842384,3019.7001227989667,3879.7691601782017,69.67314350571579,14,0.0,False,False,False,0.4256119482867942,none
61300876522,MXLI,A-Y,2026-04-02,32966.0,462,0.01948051948051948,468.3875826772127,3278.713078740489,4268.746805102396,70.3818829089634,14,0.0,False,False,False,0.4172033191753769,none
61300876522,TLJ,A-Y,2026-04-02,30693.0,458,0.019650655021834062,1357.0652278166297,9499.456594716408,11288.14135385656,22.61718845260054,14,0.0,False,False,False,0.38018169777201244,none
61300876522,VHSA,A-Y,2026-04-02,31708.0,462,0.010822510822510822,911.2837664252913,6378.98636497704,7881.208300490462,34.7948697960258,14,0.0,False,False,False,0.39072052624226367,none
61300876525,CCUL,A-Y,2026-04-02,29169.0,458,0.015283842794759825,787.6431507531339,5513.502055271937,6724.014683058784,37.03326813939662,14,0.0,False,False,False,0.38619196670074873,none
61300876525,CMTY,A-Y,2026-04-02,25869.0,481,0.006237006237006237,1066.263112593607,7463.841788155249,8353.225859555614,24.261366349882955,14,0.0,False,False,False,0.37274028581386404,none
61300876525,MXLI,A-Y,2026-04-02,28548.0,462,0.012987012987012988,764.4365601083266,5351.055920758286,6677.141696857514,37.34515261273548,14,0.0,False,False,False,0.5151099261555454,none
61300876525,TLJ,A-Y,2026-04-02,26479.0,459,0.004357298474945534,1315.160285127611,9206.121995893276,10296.537231559205,20.133667583666977,14,0.0,False,False,False,0.3994891249881008,none
61300876525,VHSA,A-Y,2026-04-02,30896.0,464,0.010775862068965518,841.8262212978259,5892.783549084781,7109.45985303926,36.701161377900874,14,0.0,False,False,False,0.41936108224427077,none
750101135068,CMTY,A-Z,2026-04-02,1069.0,67,0.07462686567164178,27.919382767050376,195.43567936935264,254.0176626170536,38.28881207437014,21,0.0,False,False,False,0.3672728159501695,none
750101135068,TLJ,A-Z,2026-04-02,1240.0,77,0.09090909090909091,25.245066383664856,176.71546468565398,228.0858744994924,49.11850819304472,21,0.0,False,False,False,0.3476597149740763,none
750101135069,MXLI,A-Z,2026-04-02,1170.0,77,0.025974025974025976,8.70116854843162,60.90817983902134,89.5510327638824,134.46469787220613,21,0.0,False,False,False,0.3762192810180531,none
750101135109,CCUL,A-Y,2026-04-02,23740.0,240,0.008333333333333333,910.8529794198157,6375.97085593871,7353.780937082028,26.063481743367216,14,0.0,False,False,False,0.4448759161011803,none
750101135109,CMTY,A-Y,2026-04-02,25994.0,249,0.020080321285140562,1437.3721180828704,10061.604826580093,11262.561876840238,18.084391420274745,14,0.0,False,False,False,0.43814160343054875,none
750101135109,MXLI,A-Y,2026-04-02,26486.0,261,0.022988505747126436,188.78375108082375,1321.4862575657662,1574.566606616647,140.29809159084132,14,0.0,False,False,False,0.4032522949697905,none
750101135109,TLJ,A-Y,2026-04-02,24737.0,241,0.024896265560165973,791.8573478452955,5543.001434917069,6578.645162137058,31.239212551744668,14,0.0,False,False,False,0.37515684104324026,none
750101135109,VHSA,A-Y,2026-04-02,25871.0,252,0.011904761904761904,331.83650070586026,2322.855504941022,2659.541721841036,77.96309310449257,14,0.0,False,False,False,0.39162599072574145,none
750101310054,VHSA,A-Y,2026-04-02,6355.0,252,0.01984126984126984,48.79398835218418,341.5579184652893,509.9347329173581,130.24145421626574,14,0.0,False,False,False,0.547034783110757,none
750101310276,VHSA,A-X,2026-04-02,2541.0,78,0.038461538461538464,51.202254820221206,358.41578374154847,429.7123541215629,49.62672071614487,10,0.0,False,False,False,0.4435788471394623,none
750101310278,CCUL,A-Z,2026-04-02,25174.0,456,0.019736842105263157,382.53328523780016,2677.732996664601,3405.769567983564,65.80865240092949,21,0.0,False,False,False,0.3807827456783483,none
750101310278,MXLI,A-Z,2026-04-02,26211.0,456,0.03070175438596491,291.05082094807375,2037.3557466365162,2458.1451803856758,90.05643727311903,21,0.0,False,False,False,0.3970585652556149,none
750101310278,VHSA,A-Z,2026-04-02,27524.0,444,0.03153153153153153,877.7104184710797,6143.972929297558,7665.046332388575,31.358862126696867,21,0.0,False,False,False,0.38585563889127444,none
750101310280,CCUL,A-X,2026-04-02,6001.0,242,0.004132231404958678,62.589155283432014,438.1240869840241,553.6715880397567,95.87922976152589,10,0.0,False,False,False,0.4449485530220612,none
750101310280,MXLI,A-X,2026-04-02,7370.0,265,0.018867924528301886,64.57039044060937,451.99273308426564,561.4966138834644,114.13900318256225,10,0.0,False,False,False,0.4778667378410482,none
750101310283,CCUL,A-Z,2026-04-02,10160.0,158,0.04430379746835443,137.00471043530405,959.0329730471283,1210.8661985908725,74.15803418523865,21,0.0,False,False,False,0.3769432860994823,none
750101310283,MXLI,A-Z,2026-04-02,11743.0,192,0.09375,188.17324926410402,1317.212744848728,1599.4095861692872,62.4052571017601,21,0.0,False,False,False,0.35650193243921935,none
750101310283,TLJ,A-Z,2026-04-02,10060.0,171,0.05263157894736842,314.0355089407563,2198.248562585294,2646.587185372946,32.03459390287564,21,0.0,False,False,False,0.3655322094421403,none
750101310283,VHSA,A-Z,2026-04-02,11198.0,181,0.04419889502762431,212.5613218668015,1487.9292530676105,1910.3982188358782,52.68126817077787,21,0.0,False,False,False,0.3661045391730866,none
750101310312,CCUL,A-Y,2026-04-02,153597.0,464,0.023706896551724137,3150.9609713525856,22056.7267994681,28891.919528826078,48.74608140070575,14,0.0,False,False,False,0.43757594311036985,none
750101310312,MXLI,A-Y,2026-04-02,172445.0,468,0.03205128205128205,1141.344334784557,7989.4103434919,9305.415719314973,151.08937307035492,14,0.0,False,False,False,0.4203193431585021,none
750101310312,VHSA,A-Y,2026-04-02,161357.0,463,0.028077753779697623,2881.706053179542,20171.94237225679,27180.84285803268,55.993566665818015,14,0.0,False,False,False,0.377716045388576,none
750101310314,CCUL,A-Y,2026-04-02,115782.0,464,0.036637931034482756,2552.3309931580834,17866.316952106583,23046.943245553983,45.36323866707394,14,0.0,False,False,False,0.5191306258218087,none
750101310314,MXLI,A-Y,2026-04-02,127042.0,468,0.023504273504273504,963.6666621799259,6745.666635259481,8581.741294338457,131.83189269266225,14,0.0,False,False,False,0.3881119555065612,none
750101310315,CCUL,A-Y,2026-04-02,86924.0,458,0.039301310043668124,1084.3693535135565,7590.585474594895,9995.899797668708,80.16087850357466,14,0.0,False,False,False,0.41730702134076175,none
750101310315,CMD2,A-Y,2026-04-02,88126.0,509,0.0412573673870334,4387.913420390935,30715.393942736544,36081.57269373435,20.083805571566753,14,0.0,False,False,False,0.3832055092845474,none
750101310315,MXLI,A-Y,2026-04-02,93953.0,466,0.0536480686695279,640.4203801080829,4482.94266075658,5792.680801168352,146.70520008145849,14,0.0,False,False,False,0.41165688090196456,none
750101310315,TLJ,A-Y,2026-04-02,87881.0,460,0.02391304347826087,2122.7492152915406,14859.244507040785,18304.757909178545,41.39961488005088,14,0.0,False,False,False,0.4858839422082501,none
750101310315,VHSA,A-Y,2026-04-02,91052.0,461,0.04772234273318872,1887.3061049947069,13211.142734962948,16822.65537687974,48.24442614742422,14,0.0,False,False,False,0.49743151332131524,none
750101310326,CCUL,A-Y,2026-04-02,10413.0,163,0.09202453987730061,289.43399559384824,2026.0379691569378,2556.8966534578663,35.97711450113196,14,0.0,False,False,False,0.36331279106882935,none
750101310326,MXLI,A-Y,2026-04-02,12034.0,186,0.03763440860215054,250.78906629382456,1755.523464056772,2129.391743818366,47.984548042062414,14,0.0,False,False,False,0.4622953441772772,none
750101310326,VHSA,A-Y,2026-04-02,11019.0,180,0.016666666666666666,366.5050514888064,2565.535360421645,3195.804037104051,30.065069922607975,14,0.0,False,False,False,0.3707844007388728,none
750101310327,CCUL,A-Y,2026-04-02,8996.0,158,0.05063291139240506,296.34419792644474,2074.409385485113,2425.043325524074,30.356592310381213,14,0.0,False,False,False,0.3607101323278111,none
750101310327,MXLI,A-Y,2026-04-02,12241.0,189,0.06349206349206349,253.30049173537685,1773.103442147638,2199.2104966045968,48.32600172283984,14,0.0,False,False,False,0.38480096605480996,none
750101310327,VHSA,A-Y,2026-04-02,11044.0,181,0.03314917127071823,348.3448998198096,2438.414298738667,3027.199289126258,31.704210412475664,14,0.0,False,False,False,0.3640767375631118,none
750101310340,MXLI,A-Z,2026-04-02,95496.0,420,0.023809523809523808,381.14350839560854,2668.00455876926,4175.93230648674,250.55129602490769,21,0.0,False,False,False,0.4101876176514063,none
750101310341,CCUL,A-Z,2026-04-02,59737.0,423,0.04964539007092199,495.86533639615726,3471.057354773101,4491.633067788022,120.47020756513388,21,0.0,False,False,False,0.3914648529518735,none
750101310341,MXLI,A-Z,2026-04-02,71581.0,417,0.03836930455635491,22.22883232740715,155.60182629185005,331.8035814871752,3220.187140092997,21,0.0,False,False,False,0.5150481496166583,none
750101310341,TLJ,A-Z,2026-04-02,72195.0,397,0.037783375314861464,850.7432187462392,5955.202531223675,8334.67248593534,84.86109369921927,21,0.0,False,False,False,0.36614703182913133,none
750101310341,VHSA,A-Z,2026-04-02,69777.0,407,0.06142506142506143,758.5350207187208,5309.7451450310455,6917.384494315752,91.98916080879889,21,0.0,False,False,False,0.3584281167902571,none
750101310342,MXLI,A-Z,2026-04-02,74638.0,422,0.04028436018957346,263.8662980004624,1847.0640860032368,3156.0541600152924,282.86295205410886,21,0.0,False,False,False,0.41259560925472466,none
750101310406,CCUL,A-Y,2026-04-02,34521.0,464,0.017241379310344827,979.685996877677,6857.801978143739,8261.156058401546,35.236800474867124,14,0.0,False,False,False,0.35916126337054166,none
750101310406,MXLI,A-Y,2026-04-02,33873.0,469,0.014925373134328358,408.9607433890405,2862.7252037232834,3526.741702485525,82.82702080228012,14,0.0,False,False,False,0.45876659452387447,none
750101310406,VHSA,A-Y,2026-04-02,35504.0,466,0.01072961373390558,1327.9787959488422,9295.851571641895,11110.030287794812,26.73536664012196,14,0.0,False,False,False,0.35416422681318005,none
750101310407,CCUL,A-Y,2026-04-02,32245.0,464,0.010775862068965518,914.9729583064615,6404.81070814523,7875.223335056804,35.24147867679368,14,0.0,False,False,False,0.3643638013696616,none
750101310407,MXLI,A-Y,2026-04-02,32502.0,469,0.008528784648187633,404.267807985868,2829.874655901076,3503.11489631751,80.39720046454002,14,0.0,False,False,False,0.3756171484360837,none
750101310407,VHSA,A-Y,2026-04-02,36826.0,466,0.01072961373390558,1154.196830449879,8079.377813149153,10080.791710024474,31.906169752386244,14,0.0,False,False,False,0.36868577815509324,none
750101310409,CCUL,A-X,2026-04-02,9615.0,242,0.004132231404958678,192.33759136211197,1346.3631395347838,1475.4322453604725,49.99022776518991,10,0.0,False,False,False,0.3976772902822179,none
750101310409,MXLI,A-X,2026-04-02,11156.0,265,0.011320754716981131,86.17808504883833,603.2465953418683,710.9587089503764,129.45286488644692,10,0.0,False,False,False,0.3821603027090088,none
750101310445,MXLI,A-Z,2026-04-02,1648.0,75,0.0,16.671450736895196,116.70015515826637,172.13853472666852,98.85162521296661,21,0.0,False,False,False,0.46553167743901486,none
750101310445,VHSA,A-Z,2026-04-02,1622.0,77,0.025974025974025976,23.81893386996827,166.73253708977788,233.82181018952144,68.09708649659896,21,0.0,False,False,False,0.3888234699633964,none
750101310449,CCUL,A-Z,2026-04-02,1694.0,58,0.017241379310344827,29.00157520990711,203.01102646934976,273.9752523569919,58.4106203797275,21,0.0,False,False,False,0.5150527791926193,none
750101310449,MXLI,A-Z,2026-04-02,2290.0,76,0.013157894736842105,27.817583897380473,194.7230872816633,278.58333074551865,82.32203085817402,21,0.0,False,False,False,0.43020459872616645,none
750101310449,TLJ,A-Z,2026-04-02,2215.0,77,0.012987012987012988,50.757913214514154,355.3053925015991,456.767514313497,43.6385158436069,21,0.0,False,False,False,0.3413668944626046,none
750101310449,VHSA,A-Z,2026-04-02,2338.0,79,0.0379746835443038,40.49320792864073,283.4524555004851,367.32776773750606,57.738078052994645,21,0.0,False,False,False,0.357035745714339,none
750101310473,CCUL,A-Y,2026-04-02,5499.0,188,0.031914893617021274,74.98549311092596,524.8984517764817,709.1807747774544,73.33418467843288,14,0.0,False,False,False,0.4767663340725989,none
750101310473,CMTY,A-Y,2026-04-02,5718.0,189,0.015873015873015872,120.95170997424059,846.6619698196841,1117.5453320543395,47.275065406001936,14,0.0,False,False,False,0.42292580394418994,none
750101310473,MXLI,A-Y,2026-04-02,5696.0,193,0.04145077720207254,30.30632575826549,212.14428030785842,291.31988125258397,187.94756069849612,14,0.0,False,False,False,0.5258155999681315,none
750101310473,TLJ,A-Y,2026-04-02,4725.0,170,0.023529411764705882,44.04549598992089,308.3184719294462,444.16926242871386,107.27544085509314,14,0.0,False,False,False,0.4512017400817072,none
750101310474,CCUL,A-Y,2026-04-02,5518.0,188,0.02127659574468085,35.61670332438232,249.31692327067623,323.64604758253125,154.9273089579437,14,0.0,False,False,False,0.4487112096472968,none
750101310474,CMTY,A-Y,2026-04-02,5956.0,187,0.058823529411764705,161.09104435622547,1127.6373104935783,1355.8140002722364,36.97288091837879,14,0.0,False,False,False,0.40120875689737606,none
750101310474,MXLI,A-Y,2026-04-02,5714.0,193,0.07253886010362694,19.813732117583918,138.69612482308742,193.521695271422,288.38585109006533,14,0.0,False,False,False,0.5508275864834726,none
750101310474,TLJ,A-Y,2026-04-02,4899.0,169,0.07100591715976332,45.04897816305077,315.3428471413554,414.10173026296366,108.74830461788734,14,0.0,False,False,False,0.4110862474440136,none
750101310474,VHSA,A-Y,2026-04-02,5222.0,177,0.05084745762711865,59.05347201222349,413.3743040855644,563.1503727724859,88.42833151146638,14,0.0,False,False,False,0.37507008301657246,none
750101310475,CCUL,A-Y,2026-04-02,5213.0,187,0.026737967914438502,73.83878827702826,516.8715179391978,652.291174406135,70.5997500993905,14,0.0,False,False,False,0.46453575144117115,none
750101310475,CMTY,A-Y,2026-04-02,5920.0,188,0.031914893617021274,134.79159978862654,943.5411985203857,1149.6159108424104,43.919650848298026,14,0.0,False,False,False,0.40506732672010054,none
750101310475,MXLI,A-Y,2026-04-02,5853.0,193,0.03626943005181347,27.754625575604628,194.2823790292324,280.59608891456287,210.88376725011878,14,0.0,False,False,False,0.49933451726482847,none
750101310475,TLJ,A-Y,2026-04-02,5577.0,170,0.047058823529411764,52.97865409771295,370.85057868399065,501.17352319620073,105.26881241101131,14,0.0,False,False,False,0.3976197312520883,none
750101310475,VHSA,A-Y,2026-04-02,6030.0,176,0.022727272727272728,78.35386484711947,548.4770539298363,760.3302811753122,76.95855222668932,14,0.0,False,False,False,0.38098931926821866,none
750101310480,CCUL,A-Y,2026-04-02,13306.0,397,0.03526448362720403,164.70663290855188,1152.9464303598631,1498.9075754489447,80.78606043381224,14,0.0,False,False,False,0.3852871031769392,none
750101310480,TLJ,A-Y,2026-04-02,11851.0,385,0.06233766233766234,305.1199438214081,2135.839606749857,2766.5554897171087,38.840463365241675,14,0.0,False,False,False,0.4017744865853742,none
750101310482,CCUL,A-Y,2026-04-02,10072.0,313,0.06070287539936102,127.15199592288754,890.0639714602128,1243.6912739783115,79.2122839039684,14,0.0,False,False,False,0.38423082597077657,none
750101310482,MXLI,A-Y,2026-04-02,8209.0,312,0.08012820512820513,64.14667183775178,449.0267028642625,636.0325697797812,127.9723447034522,14,0.0,False,False,False,0.3989025775016898,none
750101310533,CCUL,A-Y,2026-04-02,114472.0,459,0.026143790849673203,2018.4915455615228,14129.44081893066,18887.583504388447,56.71165690622455,14,0.0,False,False,False,0.37923265126826056,none
750101310533,MXLI,A-Y,2026-04-02,118605.0,465,0.010752688172043012,1105.563355812619,7738.9434906883325,10522.830026115567,107.28014760657666,14,0.0,False,False,False,0.38438836399261406,none
750101310533,TLJ,A-Y,2026-04-02,123646.0,461,0.01735357917570499,3051.422260794472,21359.955825561305,27630.199221347662,40.52077668457704,14,0.0,False,False,False,0.36256047420639814,none
750101310534,CCUL,A-Y,2026-04-02,115488.0,461,0.021691973969631236,2351.9795423688665,16463.856796582066,20923.76380594175,49.10246790823818,14,0.0,False,False,False,0.36447452567190747,none
750101310534,MXLI,A-Y,2026-04-02,126215.0,465,0.012903225806451613,1085.1426258458696,7595.998380921087,9375.905124951574,116.31189946263082,14,0.0,False,False,False,0.3948555515315654,none
750101310541,MXLI,A-Z,2026-04-02,5281.0,80,0.075,106.70750071744331,746.9525050221032,979.371916850761,49.49042911223131,21,0.0,False,False,False,0.36523231081669494,none
750101310546,CCUL,A-Z,2026-04-02,12903.0,194,0.0,357.7117834625066,2503.9824842375465,2851.5798146382344,36.07093922124716,21,0.0,False,False,False,0.35735549491582125,none
750101310546,CMTY,A-Z,2026-04-02,13969.0,206,0.024271844660194174,553.7084059917951,3875.958841942566,4531.057556206251,25.2280800667617,21,0.0,False,False,False,0.36770208626898543,none
750101310546,MXLI,A-Z,2026-04-02,13488.0,224,0.017857142857142856,193.4093347810081,1353.8653434670568,1629.531141980295,69.73810243064058,21,0.0,False,False,False,0.3700190652451913,none
750101310548,CCUL,B-Z,2026-04-02,9803.0,138,0.021739130434782608,224.0874516165122,1568.6121613155854,1852.4699233800118,43.74631390237851,21,0.0,False,False,False,0.42863311933593595,none
750101310548,MXLI,B-Z,2026-04-02,10825.0,166,0.030120481927710843,172.00077472409242,1204.005423068647,1392.5471878311243,62.93576303574478,21,0.0,False,False,False,0.37171301671882206,none
750101310548,VHSA,B-Z,2026-04-02,11944.0,150,0.03333333333333333,294.694601539054,2062.862210773378,2475.3872988643298,40.53009433366609,21,0.0,False,False,False,0.3868357595561312,none
750101310550,CCUL,B-Y,2026-04-02,19727.0,424,0.01179245283018868,430.9295007444763,3016.506505211334,3567.5199174856007,45.77778955935837,14,0.0,False,False,False,0.42152165845058204,none
750101310550,CMTY,B-Y,2026-04-02,19925.0,452,0.024336283185840708,1243.0013808681422,8701.009666076996,9280.977525492975,16.029748885784745,14,0.0,False,False,False,0.3935685528196586,none
750101310550,MXLI,B-Y,2026-04-02,21192.0,437,0.013729977116704805,245.32075079567656,1717.245255569736,1892.9004064964136,86.38486524790743,14,0.0,False,False,False,0.37744723648451245,none
750101310550,TLJ,B-Y,2026-04-02,20704.0,432,0.016203703703703703,1003.4175338213975,7023.922736749782,7970.331914593764,20.63348436931459,14,0.0,False,False,False,0.4165497697322537,none
750101310551,CMTY,B-Z,2026-04-02,2520.0,65,0.046153846153846156,41.57395397815639,291.0176778470947,371.0016495300093,60.6148744313338,21,0.0,False,False,False,0.42148579366140965,none
750101310551,MXLI,B-Z,2026-04-02,2757.0,72,0.041666666666666664,9.194892925272255,64.36425047690578,92.59567410694252,299.84035946980504,21,0.0,False,False,False,0.5042515408447175,none
750101310551,VHSA,B-Z,2026-04-02,3181.0,70,0.02857142857142857,54.66509190529666,382.65564333707664,486.65251762106277,58.190700667088485,21,0.0,False,False,False,0.3587603520797435,none
750101310555,CCUL,B-Y,2026-04-02,1767.0,58,0.06896551724137931,7.772230515533273,54.405613608732914,89.32185277582101,227.34786319944365,14,0.0,False,False,False,0.529266395652803,none
750101310555,MXLI,B-Y,2026-04-02,2317.0,79,0.02531645569620253,9.677929862535075,67.74550903774552,110.2454630879758,239.41070382928729,14,0.0,False,False,False,0.5587718004174612,none
750101310555,TLJ,B-Y,2026-04-02,2482.0,79,0.05063291139240506,17.45453864770766,122.18177053395362,183.10858387328472,142.19797212033248,14,0.0,False,False,False,0.3911108410563379,none
750101310556,VHSA,B-Z,2026-04-02,2149.0,78,0.038461538461538464,13.445327620440235,94.11729334308164,144.9435924306789,159.83247568716635,21,0.0,False,False,False,0.4154326375209007,none
750101310577,CCUL,B-Z,2026-04-02,2161.0,56,0.0,53.03340130100527,371.2338091070369,466.37880226524067,40.747905036953334,21,0.0,False,False,False,0.3580577715133945,none
750101310577,MXLI,B-Z,2026-04-02,3149.0,76,0.039473684210526314,27.74189507280756,194.19326550965292,244.30114800507832,113.51063046470215,21,0.0,False,False,False,0.3927725542870823,none
750101310577,TLJ,B-Z,2026-04-02,3118.0,77,0.012987012987012988,104.32221309505958,730.255491665417,908.7260098202198,29.88816961886001,21,0.0,False,False,False,0.3765450269362532,none
750101310577,VHSA,B-Z,2026-04-02,3231.0,78,0.038461538461538464,58.35054062921246,408.45378440448724,509.76541879240585,55.372237603269795,21,0.0,False,False,False,0.34954222241331073,none
750101310578,CCUL,B-Y,2026-04-02,2512.0,56,0.017857142857142856,86.28129406176268,603.9690584323388,738.2908301920859,29.11407423029419,14,0.0,False,False,False,0.393830583065181,none
750101310578,VHSA,B-Y,2026-04-02,3508.0,77,0.012987012987012988,74.161428176559,519.129997235913,679.9880865181153,47.30221742289493,14,0.0,False,False,False,0.3864155075910657,none
750101310581,MXLI,B-Y,2026-04-02,2603.0,97,0.0,68.75222751307344,481.26559259151406,595.8081632966471,37.86059149145432,14,0.0,False,False,False,0.3861938161304675,none
750101310581,VHSA,B-Y,2026-04-02,2348.0,87,0.0,42.038263569456475,294.2678449861953,353.7093257551667,55.853876935725154,14,0.0,False,False,False,0.44211668013471,none
750101310607,CCUL,B-Z,2026-04-02,1806.0,141,0.3475177304964539,18.624436560838003,130.37105592586602,162.5082198749472,96.96937644801102,21,0.0,False,False,False,0.37028149697193213,none
750101310607,MXLI,B-Z,2026-04-02,2191.0,169,0.3136094674556213,14.829175556205302,103.80422889343711,144.82544559868774,147.74927922969871,21,0.0,False,False,False,0.5016897863646479,none
750101310607,TLJ,B-Z,2026-04-02,2282.0,155,0.23225806451612904,36.452755063530894,255.16928544471625,310.70085410595823,62.60157829011458,21,0.0,False,False,False,0.42713208719250473,none
750101310621,MXLI,B-Z,2026-04-02,1070.0,74,0.02702702702702703,7.621227112250347,53.34858978575243,77.52082430288083,140.39733815045136,21,0.0,False,False,False,0.3950235562519506,none
750101310624,CMD2,B-Z,2026-04-02,4347.0,154,0.1038961038961039,91.22668135711201,638.586769499784,762.5871102673385,47.65053310427267,21,0.0,False,False,False,0.35959540484538094,none
750101310624,CMTY,B-Z,2026-04-02,3952.0,141,0.1347517730496454,14.87560565413368,104.12923957893577,152.62726348104354,265.6698551901855,21,0.0,False,False,False,0.4050829619048969,none
750101310624,TLJ,B-Z,2026-04-02,4461.0,137,0.13138686131386862,20.102280716620154,140.71596501634107,171.21118982948553,221.9151181344183,21,0.0,False,False,False,0.41582926559890865,none
750101310624,VHSA,B-Z,2026-04-02,6011.0,158,0.0759493670886076,15.00630105012286,105.04410735086002,151.8983256535109,400.5650679619537,21,0.0,False,False,False,0.502252494753492,none
750101310689,CCUL,B-Z,2026-04-02,3860.0,59,0.03389830508474576,84.23064875039721,589.6145412527804,695.1405855651856,45.826549566754906,21,0.0,False,False,False,0.41337641082168763,none
750101310689,CMTY,B-Z,2026-04-02,3966.0,70,0.05714285714285714,116.01273454118673,812.0891417883071,918.6546255588346,34.18590222603532,21,0.0,False,False,False,0.3932112380740016,none
750101310689,MXLI,B-Z,2026-04-02,4796.0,78,0.05128205128205128,88.38105772660909,618.6674040862636,720.5142401604863,54.26502152571611,21,0.0,False,False,False,0.430584134823809,none
750101310689,TLJ,B-Z,2026-04-02,5512.0,80,0.0375,223.0200425360845,1561.1402977525916,1780.5221051261378,24.715267459013965,21,0.0,False,False,False,0.4754356128944882,none
750101310689,VHSA,B-Z,2026-04-02,5238.0,78,0.02564102564102564,129.60622464831886,907.243572538232,1042.562023279443,40.41472555977228,21,0.0,False,False,False,0.38975645429314304,none
750101310690,CCUL,B-Z,2026-04-02,2140.0,57,0.017543859649122806,49.61252128751886,347.287649012632,422.97551538968,43.13427224546971,21,0.0,False,False,False,0.3768410961460318,none
750101310690,CMTY,B-Z,2026-04-02,2370.0,67,0.029850746268656716,68.15620938836291,477.0934657185404,551.2203998329037,34.77306060986216,21,0.0,False,False,False,0.38703548870134263,none
750101310690,TLJ,B-Z,2026-04-02,3286.0,77,0.0,103.0255738467832,721.1790169274824,849.0128784388949,31.89499342063213,21,0.0,False,False,False,0.49301372835414353,none
750101310690,VHSA,B-Z,2026-04-02,3098.0,78,0.02564102564102564,64.64010976336041,452.4807683435229,527.2084568162525,47.92689881470501,21,0.0,False,False,False,0.3756203671139579,none
750101310691,CCUL,B-Z,2026-04-02,3666.0,58,0.034482758620689655,72.44572153431558,507.120050740209,556.3457113152307,50.60340241436501,21,0.0,False,False,False,0.46456696417460747,none
750101310691,CMTY,B-Z,2026-04-02,3363.0,66,0.030303030303030304,76.64387433127148,536.5071203189003,569.9905212276265,43.87826201823232,21,0.0,False,False,False,0.3903696124159739,none
750101310691,MXLI,B-Z,2026-04-02,4535.0,77,0.025974025974025976,50.27758980613724,351.9431286429607,418.25890744058955,90.19923225210819,21,0.0,False,False,False,0.424430812869214,none
750101310691,TLJ,B-Z,2026-04-02,4074.0,80,0.0125,151.85942176029062,1063.0159523220343,1178.504228038718,26.82744312322478,21,0.0,False,False,False,0.37632586146195435,none
750101310691,VHSA,B-Z,2026-04-02,4642.0,79,0.0379746835443038,114.74179601924216,803.1925721346951,887.6913599863894,40.45605142193816,21,0.0,False,False,False,0.38231900734032903,none
750101310692,CCUL,B-Z,2026-04-02,2949.0,60,0.03333333333333333,74.29948656774955,520.0964059742469,635.2872178730555,39.69071841850443,21,0.0,False,False,False,0.40610362985203,none
750101310692,CMTY,B-Z,2026-04-02,2643.0,69,0.057971014492753624,70.24177456813274,491.69242197692915,602.0799892793234,37.62718149206719,21,0.0,False,False,False,0.468076781014724,none
750101310692,TLJ,B-Z,2026-04-02,3430.0,79,0.012658227848101266,154.67574540865203,1082.7302178605642,1243.2629558511303,22.175422468066785,21,0.0,False,False,False,0.3743855263141752,none
750101310692,VHSA,B-Z,2026-04-02,3753.0,86,0.08139534883720931,113.46533555973399,794.257348918138,961.2605260394614,33.07618120976012,21,0.0,False,False,False,0.37721021405467914,none
750101310693,CCUL,B-Z,2026-04-02,23760.0,318,0.1792452830188679,273.1406867419156,1911.984807193409,2083.227115279956,86.9881389089802,21,0.0,False,False,False,0.3851442394543591,none
750101310693,CMTY,B-Z,2026-04-02,24212.0,322,0.21428571428571427,475.54155410209785,3328.790878714685,3771.540904513142,50.914583155022726,21,0.0,False,False,False,0.4725085151478448,none
750101310693,MXLI,B-Z,2026-04-02,27309.0,347,0.17002881844380405,236.78696728453318,1657.5087709917323,1833.1955368993601,115.33151639711808,21,0.0,False,False,False,0.38135044590433204,none
750101310693,TLJ,B-Z,2026-04-02,28627.0,313,0.16293929712460065,817.54973188835,5722.84812321845,6180.01153514145,35.01560685963199,21,0.0,False,False,False,0.3712786510448285,none
750101310693,VHSA,B-Z,2026-04-02,31942.0,326,0.19325153374233128,452.5579660242814,3167.90576216997,3557.191374806153,70.58101369999129,21,0.0,False,False,False,0.37315418256441074,none
750101310694,CCUL,B-Z,2026-04-02,14487.0,65,0.07692307692307693,470.1776066983849,3291.2432468886946,3800.999290212974,30.811760903988123,21,0.0,False,False,False,0.3745093563972369,none
750101310694,CMTY,B-Z,2026-04-02,14650.0,76,0.09210526315789473,491.7419755957609,3442.1938291703264,4127.726058179142,29.79204690071671,21,0.0,False,False,False,0.3707503769759414,none
750101310694,MXLI,B-Z,2026-04-02,20132.0,82,0.04878048780487805,412.98206928096687,2890.8744849667683,3402.4891991239574,48.74787913928404,21,0.0,False,False,False,0.3691705549597034,none
750101310694,VHSA,B-Z,2026-04-02,20985.0,83,0.060240963855421686,572.270140233966,4005.8909816377623,4725.855952348552,36.66974480167797,21,0.0,False,False,False,0.45744784882638895,none
750101310695,CCUL,B-Y,2026-04-02,8229.0,150,0.09333333333333334,238.06503649272008,1666.4552554490406,1849.1489032627985,34.56618460750594,14,0.0,False,False,False,0.42337023067118135,none
750101310695,CMTY,B-Y,2026-04-02,7332.0,158,0.08227848101265822,346.80282235447487,2427.619756481324,2668.3819676805965,21.141696455128038,14,0.0,False,False,False,0.36931306172105716,none
750101310695,MXLI,B-Y,2026-04-02,8541.0,174,0.04597701149425287,149.85276920320302,1048.9693844224212,1252.8907516151264,56.995943721388635,14,0.0,False,False,False,0.5166482050264742,none
750101310695,TLJ,B-Y,2026-04-02,8810.0,158,0.06962025316455696,429.39472209483927,3005.7630546638748,3247.199245086461,20.517252650474262,14,0.0,False,False,False,0.39001491509123776,none
750101310695,VHSA,B-Y,2026-04-02,9537.0,167,0.07784431137724551,262.1073606788549,1834.751524751984,2156.440209158634,36.3858533972464,14,0.0,False,False,False,0.4365728061159178,none
750101310968,VHSA,B-Y,2026-04-02,49144.0,466,0.015021459227467811,1348.313437154556,9438.19406008189,10954.899268447156,36.44849828368704,14,0.0,False,False,False,0.38666661627960797,none
750101310975,CCUL,B-Y,2026-04-02,8737.0,155,0.025806451612903226,224.74113630365696,1573.1879541255987,2024.2485907703103,38.875837969400855,14,0.0,False,False,False,0.5035851586675388,none
