model,cluster,fold,n,wape,mape,bias,pinball,coverage_90,coverage_80,width_rel
ets,A-X,0,48,0.13162491087730432,0.16372514144130995,0.05043949871349276,0.044341137649251586,0.9791666666666666,0.9791666666666666,1.1306333176404408
ets,A-X,1,48,0.13878884155787397,0.15041938986117087,-0.11751718523739671,0.042628023619699626,1.0,1.0,1.3127563999555396
ets,A-X,2,48,0.17782831945367594,0.17412773461128403,-0.16693078864577757,0.04342185030331932,1.0,0.9583333333333334,1.1957209652445684
ets,A-X,3,48,0.1655286438022482,0.15478747625117753,-0.08927666350502314,0.04012428951622729,0.9791666666666666,0.9583333333333334,0.9697103845404611
ets,A-X,4,48,0.14070240218715757,0.1711031690812117,-0.03096146379210906,0.03969371524246592,0.9375,0.875,0.8596178979763044
ets,A-X,5,48,0.20696911739135748,0.23283771778583903,-0.1205174824748894,0.05485209280407134,0.8125,0.75,0.8903212374584187
ets,A-X,6,48,0.25581457019564485,0.2259279100324901,0.24310824500274994,0.060008398269061125,0.8958333333333334,0.75,0.743244628965744
ets,A-X,7,48,0.16271106473268218,0.17586582948705218,0.013799951333835995,0.046467767405724246,0.875,0.8333333333333334,0.8955005054880929
ets,A-Y,0,912,0.16428187364303254,0.2680037287076486,-0.02462144275465521,0.06836008228729021,0.9703947368421053,0.9013157894736842,1.6698935819795535
ets,A-Y,1,912,0.317848535667692,0.25047377199041215,-0.27563199796375115,0.07352628553027314,0.9967105263157895,0.9769736842105263,2.094075287762141
ets,A-Y,2,912,0.1991609726880243,0.16092813713660667,-0.1521447770266915,0.06015005589928733,0.9989035087719298,0.9945175438596491,1.6392182970954838
ets,A-Y,3,912,0.19756183934212335,0.18874353183127554,0.10374692124012068,0.06290965145861402,0.9967105263157895,0.9890350877192983,1.4361307806548935
ets,A-Y,4,912,0.21346152821235548,0.2589540581115274,0.11300653838499149,0.06832446035605827,0.9967105263157895,0.9714912280701754,1.5143938707123035
ets,A-Y,5,912,0.25527835025162693,0.2308943159131734,-0.14109725398139739,0.06737249885413257,0.9956140350877193,0.9802631578947368,1.8027829225397265
ets,A-Y,6,912,0.12333434423623822,0.15313040957353471,-0.013616837388485407,0.0504724495508343,0.993421052631579,0.9879385964912281,1.4379120229712368
ets,A-Y,7,912,0.12175735139768455,0.13879783532251588,-0.004375384670437424,0.04859884413255209,0.9824561403508771,0.9649122807017544,1.3468271116721613
ets,A-Z,0,640,0.3018475721006357,0.47524464606849237,-0.22775124203360314,0.09532080704773109,0.9171875,0.8734375,1.3349852668904048
ets,A-Z,1,640,0.5080993211041779,0.8907939259019518,-0.4769012246409662,0.0965425982038408,0.90625,0.821875,1.2758701362877325
ets,A-Z,2,640,0.3207248075158462,0.6653456612881078,-0.22311043379498824,0.07730858055213477,0.871875,0.821875,1.1847624589822572
ets,A-Z,3,640,0.3332327923380911,0.4078481809177036,0.25824619455545955,0.08086661518485036,0.9140625,0.84375,1.0676002083293064
ets,A-Z,4,640,0.20597140795985258,0.2482002878405487,0.02570841255706988,0.06832124277455241,0.9484375,0.896875,1.2069029723219755
ets,A-Z,5,640,0.2549909161421665,0.4881644509404623,-0.12340699801413882,0.07554828462382637,0.9109375,0.865625,1.2430057560089731
ets,A-Z,6,640,0.16134581467649936,0.3171748363736806,-0.06698554612400882,0.05638663996126449,0.9375,0.9,1.134326670799748
ets,A-Z,7,640,0.13079549882869998,0.2114577684566388,-0.004567687025078203,0.051017607493074914,0.903125,0.85625,1.0444173861074972
ets,B-Y,0,256,0.1026724334340712,0.15782813760264158,0.054140809462325704,0.052349858178707256,0.98828125,0.953125,1.1907213676778472
ets,B-Y,1,256,0.11538718869100209,0.140623451469836,-0.065085418366658,0.05100217470553224,0.98828125,0.96875,1.1269514933684524
ets,B-Y,2,256,0.1567922235953118,0.1840292514295788,-0.08648164959320775,0.05119079112880215,0.98828125,0.94921875,1.1161766730744542
ets,B-Y,3,256,0.09976834163552824,0.12907660331134369,-0.06481779134097088,0.042621317960929855,0.9765625,0.953125,1.0592779695893935
ets,B-Y,4,256,0.23568656857761242,0.17312118432948,-0.15594519244318894,0.06915806243547937,0.9296875,0.88671875,0.9940898365682516
ets,B-Y,5,256,0.3064949134260078,0.2007297380603213,-0.19941663295882128,0.09657915921469236,0.921875,0.83984375,1.0460049334677457
ets,B-Y,6,256,0.20470956532225434,0.18044181477796634,-0.13655559386239338,0.05106736640871712,0.9609375,0.91796875,1.019545987592466
ets,B-Y,7,256,0.1383901799218585,0.15681503653821977,-0.12264968732275892,0.04104253915661661,0.921875,0.87109375,0.9126640741815234
ets,B-Z,0,704,0.1272512294837777,0.22497381974585293,-0.07181630962469819,0.04455022943218094,0.9360795454545454,0.90625,0.9032071997601221
ets,B-Z,1,704,0.13634201589750003,0.48215044937050194,-0.03528750632622569,0.03969274740418249,0.9176136363636364,0.8579545454545454,0.8070472472805227
ets,B-Z,2,704,0.14849337082381853,0.8448084916645158,0.06739313813529604,0.037670413284054606,0.9190340909090909,0.8551136363636364,0.766439177681536
ets,B-Z,3,704,0.12728925039694974,0.6464191666923143,0.018928279714656313,0.038929852517478554,0.8849431818181818,0.8352272727272727,0.7635206261451992
ets,B-Z,4,704,0.1815727497047627,2.9252947374522997,-0.1185699469744818,0.04493956709677836,0.8792613636363636,0.8025568181818182,0.7524664157074337
ets,B-Z,5,720,0.20083680864821857,1.816258510274446,-0.1591726413901406,0.055141886071684666,0.8,0.7208333333333333,0.7281765985044086
ets,B-Z,6,720,0.11886696087581007,1.5711157535877103,0.019529364829735284,0.029917164734942048,0.9375,0.8583333333333333,0.7083437510049617
ets,B-Z,7,720,0.1027130618509849,4.0501448117061205,-0.00896702804351481,0.027520358491167213,0.9388888888888889,0.8833333333333333,0.6980687384929543
ets,C-Z,0,48,0.15055012360137685,0.15824327342719577,-0.08088941162863239,0.08128099834803293,1.0,1.0,2.8531700472476267
ets,C-Z,1,48,0.34642075896065816,0.3668308801724212,-0.34642075896065816,0.08635063037376967,1.0,0.9791666666666666,3.1259101606632544
ets,C-Z,2,48,0.26453500151600134,0.2905501611929861,-0.2587614983272747,0.07403590484672182,1.0,1.0,2.5738232338483042
ets,C-Z,3,48,0.15883675946969203,0.19002011443018993,0.01039885914983118,0.06531637277362849,1.0,1.0,1.9335272971967885
ets,C-Z,4,48,0.35335634137426186,0.5375472767371271,0.2461357407876378,0.09184392543958833,1.0,0.9375,1.7652474116355799
ets,C-Z,5,48,0.3569266604251907,0.3363410642661353,-0.2858054002407801,0.0814985174967863,1.0,1.0,2.55794644156942
ets,C-Z,6,48,0.107024951228974,0.0937552989810241,0.03569650967730047,0.05118419496480601,1.0,1.0,1.6289628123629782
ets,C-Z,7,48,0.12213461865864689,0.1312778445947109,0.06534425354277457,0.05148584188247698,1.0,1.0,1.5100782550553848
lgbm,A-X,0,48,0.11517872524095102,0.15894704247386413,0.09176813095945846,0.03427097793105496,0.7708333333333334,0.6875,0.4026237322767541
lgbm,A-X,1,48,0.11068378225107879,0.11845504679496165,-0.03606305375287374,0.03227529027750063,0.75,0.6041666666666666,0.3808519100373764
lgbm,A-X,2,48,0.17811067902086788,0.15526207136374243,-0.16904398382203073,0.05825524359906507,0.625,0.3958333333333333,0.3783461342091464
lgbm,A-X,3,48,0.12264406047447195,0.11880646859653272,-0.06967791457993282,0.031658122965216744,0.875,0.7083333333333334,0.5156997861463608
lgbm,A-X,4,48,0.13024211227267946,0.13777042807946283,-0.019601084940576226,0.03211853412000236,0.875,0.6875,0.4858945192819757
lgbm,A-X,5,48,0.10068703152486384,0.11237016734532279,-0.05311164886382662,0.03579466885223127,0.7291666666666666,0.5833333333333334,0.5482939287212256
lgbm,A-X,6,48,0.11091675475289221,0.13518602065010696,0.04520566921142673,0.02643317309626328,0.8958333333333334,0.7916666666666666,0.5147752231757576
lgbm,A-X,7,48,0.13097744210910514,0.1558278476894355,-0.04093718527613057,0.03897532362367353,0.7291666666666666,0.6666666666666666,0.3655694605388493
lgbm,A-Y,0,912,0.1736006577689145,0.2835434767910183,0.061633490438923924,0.056201545157558194,0.6107456140350878,0.4583333333333333,0.455648677997991
lgbm,A-Y,1,912,0.3113582966282987,0.2526724396627211,-0.21952382059271058,0.11876967752943787,0.5548245614035088,0.3333333333333333,0.4222415074023014
lgbm,A-Y,2,912,0.1742915492794542,0.1668021226774733,-0.08893953679221675,0.05379290162159741,0.7192982456140351,0.5570175438596491,0.49832640961491576
lgbm,A-Y,3,912,0.14696970128395911,0.15068866077579998,0.011548209259701882,0.03731564125924848,0.8640350877192983,0.6589912280701754,0.47044281222610157
lgbm,A-Y,4,912,0.16689394190939788,0.20781811823910157,0.02290712328989807,0.04257757844906574,0.6721491228070176,0.4758771929824561,0.4588449591660344
lgbm,A-Y,5,912,0.1433541229570069,0.1966666541575812,-0.0007771084762937107,0.041810426340276326,0.6403508771929824,0.5032894736842105,0.46375719676351473
lgbm,A-Y,6,912,0.1151751413391036,0.16897003521299175,0.027992928138972355,0.029149652360988165,0.9320175438596491,0.8223684210526315,0.593453091162619
lgbm,A-Y,7,912,0.11134757986539168,0.14467531500922812,-0.029299288092963092,0.027364939611905986,0.8453947368421053,0.7302631578947368,0.5022962068893616
lgbm,A-Z,0,640,0.2782669101563034,0.9067214578902569,-0.05193500287976727,0.10592981793415472,0.625,0.478125,0.5649924805165464
lgbm,A-Z,1,640,0.48788095068701687,0.9781038061941864,-0.4319707012910185,0.20246361491393192,0.55,0.371875,0.4982253567880254
lgbm,A-Z,2,640,0.3354786836015213,0.49106286755983597,-0.2753152710435904,0.1165339800923522,0.634375,0.5125,0.6335598204275663
lgbm,A-Z,3,640,0.24212524957930795,0.2968231887748377,0.062494804495538084,0.06586414398156797,0.76875,0.625,0.6017800079679686
lgbm,A-Z,4,640,0.28519667739106264,0.2752269047849867,0.134767971595714,0.07180079944343802,0.759375,0.553125,0.6075548640599422
lgbm,A-Z,5,640,0.21779873981430362,0.3903888273951383,-0.12498803625655662,0.07420500388800555,0.715625,0.5828125,0.552001589042896
lgbm,A-Z,6,640,0.16042152177468275,0.32159894251921717,-0.10659546157041,0.03766262577629449,0.8609375,0.7078125,0.6482087855148198
lgbm,A-Z,7,640,0.1488535474405726,0.22063646504694864,-0.10060906082571122,0.03669585290876333,0.7375,0.6046875,0.5216190544209773
lgbm,B-Y,0,256,0.11228181595354038,0.18979488993816818,0.08863828353359197,0.03706233722998198,0.6640625,0.5078125,0.38314618692643304
lgbm,B-Y,1,256,0.08886365301143594,0.14740160882742664,-0.003565990808716887,0.02490222434038901,0.80859375,0.55859375,0.38456030877926806
lgbm,B-Y,2,256,0.10685453847222044,0.15023912108265608,-0.04578929551985843,0.036436258542253144,0.6484375,0.51953125,0.36657889016358036
lgbm,B-Y,3,256,0.07665292997159609,0.12567728960700406,0.011843310225220898,0.020909987037927215,0.8125,0.69921875,0.47237275204684775
lgbm,B-Y,4,256,0.22998803270424634,0.16171941392265915,-0.13485464230191946,0.07694030026838428,0.796875,0.61328125,0.49201328234204933
lgbm,B-Y,5,256,0.27982828089061185,0.18382984767553182,-0.26452663188589076,0.10168574593495872,0.63671875,0.5078125,0.4510790854990771
lgbm,B-Y,6,256,0.12743336792456528,0.14520962569333412,0.018302968998962065,0.03123691371345453,0.83203125,0.67578125,0.5149860988865518
lgbm,B-Y,7,256,0.13434680094979776,0.15215677167458166,-0.0876572513573934,0.03739178275110046,0.71875,0.60546875,0.45335011582448514
lgbm,B-Z,0,704,0.12659130988021272,0.20478198351805818,-0.026576390523377215,0.04355113955919637,0.7258522727272727,0.5383522727272727,0.37705917714533543
lgbm,B-Z,1,704,0.13435444333714466,0.3351187861915834,-0.056487756207263144,0.041626216108300904,0.7130681818181818,0.5227272727272727,0.40671743744259603
lgbm,B-Z,2,704,0.11033804714436579,0.4612283460188603,-0.004932096344062853,0.031155216340222124,0.7130681818181818,0.5752840909090909,0.4528265315657378
lgbm,B-Z,3,704,0.0941883776027902,0.2670204237589072,-0.012073710840675487,0.02403197990642689,0.734375,0.6306818181818182,0.44553061440414865
lgbm,B-Z,4,704,0.12226494000487613,0.45204556457277983,-0.05949881687306083,0.03659407324133414,0.7230113636363636,0.5696022727272727,0.4840995475007198
lgbm,B-Z,5,720,0.14643214807857763,0.9307141356456876,-0.12765011799153433,0.04755687079220573,0.7041666666666667,0.5805555555555556,0.5304204828143383
lgbm,B-Z,6,720,0.07643837429251046,0.9414067897976703,-0.007618761520753684,0.01936414954322278,0.9041666666666667,0.7861111111111111,0.5170775802081927
lgbm,B-Z,7,720,0.10307052323660486,0.22868868570654702,-0.017222765155617242,0.025500869999380636,0.8125,0.7194444444444444,0.4471614905595981
lgbm,C-Z,0,48,0.16401325699234653,0.14953961423465392,-0.09091086729397001,0.057578648686018606,0.875,0.6875,2.2875711025109964
lgbm,C-Z,1,48,0.3012179656674953,0.3131002506517925,-0.3012179656674953,0.09541813424204336,0.375,0.041666666666666664,0.49056400252031807
lgbm,C-Z,2,48,0.13647484505832172,0.1838739142821205,-0.11979594750320156,0.04771446483194588,0.4166666666666667,0.22916666666666666,0.4905903811420359
lgbm,C-Z,3,48,0.12215774992251881,0.12288484859455323,-0.04378202412962544,0.028568075688115684,0.9791666666666666,0.6875,0.608372291577022
lgbm,C-Z,4,48,0.16005691046280646,0.14874207808543446,-0.10935768628230033,0.03819079877526206,0.8125,0.6458333333333334,0.6876542974632693
lgbm,C-Z,5,48,0.0951512523090694,0.10232275162976236,-0.007952835204444656,0.025700472484358167,0.9166666666666666,0.75,0.5915718171356305
lgbm,C-Z,6,48,0.09598785251033226,0.13823625079669696,0.08083113691103856,0.028063404349805355,1.0,0.8125,0.588145971873974
lgbm,C-Z,7,48,0.0768959644827418,0.08866696833571962,0.04088860730209265,0.022174598332692662,0.875,0.75,0.429612876739183
ma4,A-X,0,48,0.10429967401634956,0.12082954660275287,0.06577193479694987,0.045227507722197066,1.0,1.0,1.406306890957773
ma4,A-X,1,48,0.12787516784488787,0.14479331800103298,-0.03649292474370518,0.04451965760539682,1.0,1.0,1.4588720083248474
ma4,A-X,2,48,0.16772343672334103,0.15482189432655044,-0.16185586105853308,0.044962908833405854,1.0,0.9166666666666666,1.45330742715646
ma4,A-X,3,48,0.17117492352815497,0.14561303210156862,-0.12960699373246168,0.044119519255568056,1.0,0.875,1.2209790367000752
ma4,A-X,4,48,0.19150901460384298,0.18758052760104793,-0.1414085926508061,0.04846935551211339,0.8958333333333334,0.8125,1.1252571812341476
ma4,A-X,5,48,0.18482224308533354,0.23522976741505375,-0.08100901305685977,0.04920228424027386,0.8958333333333334,0.8333333333333334,1.0473002153994753
ma4,A-X,6,48,0.28314715473710067,0.2754922476226796,0.2823781490611228,0.06735897481289413,0.8958333333333334,0.5416666666666666,0.8455652711421064
ma4,A-X,7,48,0.17078645399394388,0.1814516957684356,0.047698473401980704,0.04836781474743965,0.8541666666666666,0.8333333333333334,1.0092430269774804
ma4,A-Y,0,912,0.17533891726587036,0.29237656501784814,0.012743610242032521,0.07200392737911258,0.9353070175438597,0.8991228070175439,1.70183504212704
ma4,A-Y,1,912,0.2842965055994401,0.20552244580277085,-0.22186995044695293,0.07327133241256312,0.9989035087719298,0.9682017543859649,1.9300372187636174
ma4,A-Y,2,912,0.21134125049558947,0.1848155245873537,-0.16458767865727186,0.06349993313935036,1.0,0.9769736842105263,1.903579194956035
ma4,A-Y,3,912,0.19761182755350695,0.1859899071809475,0.026241329950602476,0.06456552471339502,1.0,0.993421052631579,1.5981545759263809
ma4,A-Y,4,912,0.2725722713726457,0.29830855878816576,0.19252328028549243,0.07767889877793147,0.9912280701754386,0.9714912280701754,1.5468270330495142
ma4,A-Y,5,912,0.21733385406710878,0.2327941075252518,-0.020003115474094422,0.0669457002470705,0.993421052631579,0.9791666666666666,1.6996990672889856
ma4,A-Y,6,912,0.2566275605005412,0.21793239364363992,-0.2156362203566357,0.06371472103093465,0.993421052631579,0.9506578947368421,1.8795349155656504
ma4,A-Y,7,912,0.14922108840376083,0.16175432821453728,-0.08937939788105118,0.05431438357602917,0.9682017543859649,0.9100877192982456,1.6200070840832335
ma4,A-Z,0,640,0.2961889987509562,1.0885352174994463,-0.18653980365229847,0.09889025191471688,0.9296875,0.8984375,1.3969104872291997
ma4,A-Z,1,640,0.4970182928821568,1.14981698526725,-0.460774120918675,0.09858572841000525,0.896875,0.83125,1.404163506989684
ma4,A-Z,2,640,0.35677121010266244,0.6396269753134393,-0.275459506629854,0.0820870623702544,0.8828125,0.8171875,1.3419563847750449
ma4,A-Z,3,640,0.30344281389578587,0.41112361913270506,0.1466615179494728,0.08065097001848157,0.9,0.8578125,1.2128052586943041
ma4,A-Z,4,640,0.39607882456465693,0.35522938323931497,0.2797248008186444,0.09674052515425802,0.9359375,0.8765625,1.2119991693527827
ma4,A-Z,5,640,0.23061170664688507,0.4909185116250261,-0.05214332118375151,0.07352812676033559,0.9375,0.878125,1.2241739832337837
ma4,A-Z,6,640,0.2745462402932529,0.43842222183314183,-0.18898459170106607,0.06987352660401966,0.90625,0.8015625,1.1764708034262044
ma4,A-Z,7,640,0.20653033962430645,0.7693355179525225,-0.14901156291163753,0.06609647232580025,0.846875,0.74375,1.181729291178737
ma4,B-Y,0,256,0.11702743443469675,0.1524523224725195,0.07302685312833473,0.052268325640860015,0.9609375,0.890625,1.3702228791132716
ma4,B-Y,1,256,0.10678579509296021,0.1406005244402393,-0.022283835902995104,0.04883780471004929,0.98828125,0.953125,1.3038561059930818
ma4,B-Y,2,256,0.1816382240736573,0.17393724534059207,-0.1257728813132766,0.05201415476918384,0.96875,0.91796875,1.3200955239645746
ma4,B-Y,3,256,0.1615961692456166,0.15743109973341654,-0.13368162552316318,0.0480440612519255,0.94921875,0.91015625,1.214106856928333
ma4,B-Y,4,256,0.2387811811827385,0.16805075072045977,-0.1742609486935337,0.08043903094919078,0.94140625,0.8828125,1.04957472527418
ma4,B-Y,5,256,0.28682659109184744,0.1859750993780474,-0.1395617525057813,0.08813387186396501,0.93359375,0.82421875,1.0346209055048177
ma4,B-Y,6,256,0.394789096979464,0.29804869221503527,0.29578330244982404,0.10097360785307379,0.85546875,0.7890625,0.9684245521932001
ma4,B-Y,7,256,0.2972892753430363,0.22642960564627845,-0.28704022329479967,0.06761820960586656,0.79296875,0.66796875,1.0430650566172446
ma4,B-Z,0,704,0.12182703719935502,0.17738257329120743,-0.05691736245426045,0.04386262147619456,0.9332386363636364,0.8678977272727273,0.9745879380621687
ma4,B-Z,1,704,0.15531816244599053,0.3411053295496108,-0.03994721529455535,0.04847373033814104,0.90625,0.8565340909090909,0.8750876974117445
ma4,B-Z,2,704,0.16014362224119696,0.5883922574947413,0.07127146232013819,0.041295171024654166,0.890625,0.8110795454545454,0.7943067242791853
ma4,B-Z,3,704,0.13308109909166638,0.4501106951705204,0.008917058992213827,0.04062360492698214,0.8821022727272727,0.7997159090909091,0.8222791787238273
ma4,B-Z,4,704,0.1791853122221034,0.7626670566628855,-0.11175899783160831,0.05269120912353278,0.8636363636363636,0.7670454545454546,0.7604552003108223
ma4,B-Z,5,720,0.19828890546579309,1.0247478999162023,-0.1464822708622524,0.054283248971244105,0.8180555555555555,0.6958333333333333,0.7542587800747804
ma4,B-Z,6,720,0.17315269571309105,0.8131936967367166,0.08906540385666664,0.04084680617354512,0.8652777777777778,0.7513888888888889,0.7221778996439422
ma4,B-Z,7,720,0.1388429551756195,0.4092644577227728,-0.07814832810142068,0.037204249992516335,0.8930555555555556,0.7861111111111111,0.7484028192026186
ma4,C-Z,0,48,0.16000566202482516,0.1803619123415404,-0.020541039909010062,0.08422233163779982,1.0,1.0,2.539125933239132
ma4,C-Z,1,48,0.286369957949089,0.31356111665480507,-0.286369957949089,0.08172040774658026,1.0,1.0,2.809097447518316
ma4,C-Z,2,48,0.20603868836948797,0.24661661143593339,-0.1779033828051774,0.07189312804976927,1.0,1.0,2.2571237322391546
ma4,C-Z,3,48,0.18586735413532274,0.1950374925556492,-0.08666238675913765,0.0710980307237048,1.0,1.0,2.0523821715425776
ma4,C-Z,4,48,0.33610434188586713,0.4871743084529181,0.2175033207331565,0.09707526151973594,1.0,1.0,1.9049043506931744
ma4,C-Z,5,48,0.26153706983250885,0.3307239374937835,-0.028388356332484942,0.0800096304494986,1.0,1.0,2.040623347957572
ma4,C-Z,6,48,0.3374026987749357,0.34709916121300655,-0.3374026987749357,0.0747745853509787,1.0,0.9375,2.281436739853992
ma4,C-Z,7,48,0.11335550629771286,0.117923792249235,-0.045315184837051714,0.056772365209585354,1.0,1.0,1.8226650207212887
seasonal_naive,A-X,0,48,0.4012959202372201,0.521614805068873,0.39350400167060195,0.10993247126989177,0.6458333333333334,0.5625,0.6028068827099868
seasonal_naive,A-X,1,48,0.3714445461079379,0.47866520585127503,0.30717183149056654,0.09460609580122974,0.5416666666666666,0.4166666666666667,0.668320039088574
seasonal_naive,A-X,2,48,0.2778869032814091,0.360054831529973,0.10848248113790535,0.06999341792044775,0.7291666666666666,0.5,0.7580302761523193
seasonal_naive,A-X,3,48,0.2604318371187877,0.30434645449469794,0.178905336109237,0.0633017925227049,0.7708333333333334,0.6666666666666666,0.5412542120949315
seasonal_naive,A-X,4,48,0.3367495280200948,0.3287092821357434,0.32972971541167134,0.06880977787134912,0.6666666666666666,0.6458333333333334,0.3663887324028768
seasonal_naive,A-X,5,48,0.3410433346512061,0.34675560520919496,0.339545105378244,0.06558649116912249,0.7708333333333334,0.6666666666666666,0.3983236333025559
seasonal_naive,A-X,6,48,0.29318383133833903,0.3374039158957746,0.22958995115851683,0.06373076190439367,0.8125,0.7291666666666666,0.5579412246696112
seasonal_naive,A-X,7,48,0.20859921656250538,0.3044665156903529,0.0659093645341294,0.0588793218066074,0.8541666666666666,0.75,0.7724372803822412
seasonal_naive,A-Y,0,912,0.6054343155950989,0.6462217370806399,0.5647696427887696,0.155139412497289,0.7445175438596491,0.6677631578947368,1.0705812877277137
seasonal_naive,A-Y,1,912,0.5983351063412958,0.6320265987248495,0.5758171444524924,0.13246174485149995,0.7017543859649122,0.5899122807017544,1.035285325114186
seasonal_naive,A-Y,2,912,0.5834770012137861,0.5383610593047717,0.542106386904931,0.11630554141437414,0.7532894736842105,0.6359649122807017,1.0450712764081111
seasonal_naive,A-Y,3,912,0.5922590239807293,0.4998113090401922,0.5440540659903541,0.12075097194424958,0.8081140350877193,0.7291666666666666,1.054520499430534
seasonal_naive,A-Y,4,912,0.5481411281110262,0.4849971854413251,0.5133708691935691,0.1076208118280855,0.881578947368421,0.8201754385964912,1.112970842590392
seasonal_naive,A-Y,5,912,0.6114554768781555,0.43883967552524344,0.5679486088478861,0.11055856409062788,0.856359649122807,0.7554824561403509,1.1405535284596562
seasonal_naive,A-Y,6,912,0.6617032097680009,0.5166887964155031,0.580605683310515,0.12212025395548065,0.7620614035087719,0.6074561403508771,0.9782198494676477
seasonal_naive,A-Y,7,912,0.6120098155791883,0.5369013986617471,0.5135231411520244,0.1198680089401198,0.7116228070175439,0.5504385964912281,0.8559333212524176
seasonal_naive,A-Z,0,640,1.2595378112558695,68.66754821391356,1.1680352994172034,0.41823462888675256,0.553125,0.471875,0.7953126528978138
seasonal_naive,A-Z,1,640,1.0082030164508562,104.85142849241007,0.9300252860146956,0.3084415219385951,0.5484375,0.46875,0.771084695533891
seasonal_naive,A-Z,2,640,0.5741477703374996,71.0813648446097,0.43845733675418624,0.11163898418112006,0.809375,0.6921875,1.0249574144712381
seasonal_naive,A-Z,3,640,0.6812232710941263,25.027791908413345,0.5159930144484143,0.14419702707447665,0.796875,0.6875,1.1242604890686452
seasonal_naive,A-Z,4,640,0.798537275941319,11.802890725529965,0.6769281556804858,0.15878979339619864,0.8109375,0.7140625,1.1458450769568407
seasonal_naive,A-Z,5,640,0.5430943157443717,73.02723679986448,0.353025540443601,0.10973364335405345,0.86875,0.76875,1.220382018695772
seasonal_naive,A-Z,6,640,0.4518013661431151,89.38546738330999,0.16531523583558358,0.10789866890192186,0.7875,0.6671875,1.191123578451341
seasonal_naive,A-Z,7,640,0.36950330576330004,25.138692500627013,0.04797454633922816,0.09639737715253521,0.7265625,0.6328125,1.1737598628278967
seasonal_naive,B-Y,0,256,0.2246272639649331,0.3919587368929375,0.20258820108635986,0.07386497586373723,0.74609375,0.59765625,0.8500202759434204
seasonal_naive,B-Y,1,256,0.2695465722696467,0.5019168554907297,0.24986549058983054,0.08497753857759369,0.61328125,0.4921875,0.7680085836001785
seasonal_naive,B-Y,2,256,0.25397856845301126,0.4666778876393982,0.23365641105100113,0.06573504757547488,0.6875,0.54296875,0.8055696907916954
seasonal_naive,B-Y,3,256,0.3492583103961214,0.38311462735455204,0.32129184547475753,0.10320982521455664,0.7265625,0.62109375,0.86971593859132
seasonal_naive,B-Y,4,256,0.2575109582809028,0.33184046875419443,0.17822672413530807,0.0801665024848797,0.76171875,0.72265625,0.8839263835208283
seasonal_naive,B-Y,5,256,0.13799666605206606,0.2867752330040263,0.02983626747507229,0.04310232623867011,0.8984375,0.8359375,0.9959823505277405
seasonal_naive,B-Y,6,256,0.23449384539493198,0.3347267044690626,0.17789965527770513,0.057678513827790136,0.84765625,0.73046875,0.9024151647724924
seasonal_naive,B-Y,7,256,0.24820628603209113,0.38891913365598973,0.04012334895136424,0.055348203209851676,0.76953125,0.61328125,0.7847511648933467
seasonal_naive,B-Z,0,704,0.18698640913429085,1.2357332104729666,0.10181304698948652,0.052379013729729876,0.6676136363636364,0.5809659090909091,0.6593677444882706
seasonal_naive,B-Z,1,704,0.1890256606855336,3.0836561582554727,0.06840317345362858,0.055106012559471784,0.6619318181818182,0.5553977272727273,0.6838460942202846
seasonal_naive,B-Z,2,704,0.17379921546658902,2.753734822761902,0.06634237584225933,0.04527385966243949,0.7855113636363636,0.6676136363636364,0.7604129482087256
seasonal_naive,B-Z,3,704,0.1813000035786714,3.1632720439010886,0.09458223046592847,0.0480093407726737,0.7642045454545454,0.6519886363636364,0.7742665853912728
seasonal_naive,B-Z,4,704,0.16698208536309386,2.80929917496105,0.07891231328875138,0.04363605140587926,0.7357954545454546,0.6463068181818182,0.7997581292016196
seasonal_naive,B-Z,5,720,0.1417786528782599,2.091308626254239,-0.0043767239701268295,0.03771004818041763,0.8097222222222222,0.6930555555555555,0.9
seasonal_naive,B-Z,6,720,0.13154699908264056,4.146994649308642,0.0019674861926192175,0.033494000195338464,0.8902777777777777,0.7319444444444444,0.8612063025045913
seasonal_naive,B-Z,7,720,0.13895942236019485,2.96918232167163,-0.025586069754996364,0.0355100630194501,0.8708333333333333,0.7152777777777778,0.8339600362872356
seasonal_naive,C-Z,0,48,0.33163741301810984,0.4134295137775657,0.2754092937233434,0.08520157072543402,1.0,1.0,1.6983565658878532
seasonal_naive,C-Z,1,48,0.5975798900299681,0.6299563950298045,0.5975798900299681,0.11041729823729855,1.0,1.0,1.3476001288802086
seasonal_naive,C-Z,2,48,0.8904364346541784,0.8318077485643225,0.8904364346541784,0.1485105548852526,0.9166666666666666,0.8958333333333334,1.1037916395255452
seasonal_naive,C-Z,3,48,0.7630528395081525,0.6886696475479454,0.7622882953865044,0.13237626678065298,0.9166666666666666,0.875,1.080781578007643
seasonal_naive,C-Z,4,48,0.4819784652043303,0.4166806726909651,0.48095711493864646,0.09150148954355257,1.0,0.9791666666666666,1.186251333571635
seasonal_naive,C-Z,5,48,0.7112124010685065,0.6280881178681698,0.7112124010685065,0.11484711083306665,0.9791666666666666,0.9375,0.853166944420771
seasonal_naive,C-Z,6,48,0.9191446662885793,0.9117485301257896,0.9191446662885793,0.14523704957107253,0.9166666666666666,0.8125,0.7216754334461672
seasonal_naive,C-Z,7,48,0.9544237506557038,0.9078244930661232,0.9544237506557038,0.14749946422537497,0.875,0.7916666666666666,0.6907163668305991
