model,cluster,h,n,wape,mape,bias,pinball,coverage_90,coverage_80,width_rel
ets,A-X,1,48,0.1333068111465251,0.14177952050481304,0.001901085871316105,0.031152421354619132,0.875,0.8333333333333334,0.5730104737323101
ets,A-X,2,48,0.1475234795717705,0.15347483368076628,-0.018329669665495,0.04248627897751316,0.8958333333333334,0.8125,0.7145089386868154
ets,A-X,3,48,0.15709626218779343,0.14549867127025903,-0.033765277482007854,0.045285157891507374,0.9375,0.875,0.8826161151272913
ets,A-X,4,48,0.15938922563548005,0.14985451865553998,-0.004974735410130866,0.039530080230178344,1.0,0.9375,1.0065674905652833
ets,A-X,5,48,0.17694803413092777,0.1879430559046328,0.00182882223382582,0.0487155173780006,0.9166666666666666,0.9166666666666666,1.1118846460815486
ets,A-X,6,48,0.20265713175530523,0.22904339562775525,-0.038828352020313206,0.053672450882197055,0.9583333333333334,0.8958333333333334,1.2685221390536991
ets,A-X,7,48,0.21503479496258407,0.23375452741923144,-0.0638882130719337,0.055865685963110014,0.9375,0.8958333333333334,1.3709006577842664
ets,A-X,8,48,0.1951320645435526,0.20744584548853748,-0.07063027214326353,0.054371869138513794,0.9583333333333334,0.9375,1.4682098547459526
ets,A-Y,1,912,0.09136852888968242,0.10995884293582062,-0.024802526409469238,0.032578424440553845,0.993421052631579,0.9758771929824561,0.8586856585337057
ets,A-Y,2,912,0.14407038641127587,0.16295844513791694,-0.01826641336129758,0.0453304993122071,0.9890350877192983,0.9703947368421053,1.1423568492158713
ets,A-Y,3,912,0.16500456961952276,0.1833084477654634,-0.0001161639547800019,0.05605336255666293,0.9879385964912281,0.9714912280701754,1.46555917071526
ets,A-Y,4,912,0.19777669834414097,0.21983285283449486,-0.05133485334077473,0.06263861966887865,0.9912280701754386,0.9638157894736842,1.6269473810518593
ets,A-Y,5,912,0.21238241234131083,0.23678963570672037,-0.07276700716850219,0.06480874662396094,0.9901315789473685,0.9682017543859649,1.721925836652952
ets,A-Y,6,912,0.24777848751819914,0.26245803607379453,-0.07920492251051264,0.07314426816714097,0.9945175438596491,0.9682017543859649,1.9565495102131378
ets,A-Y,7,912,0.24178300541878908,0.23370438219017328,-0.041983124991084225,0.07747460149017601,0.993421052631579,0.9769736842105263,2.0729761885421927
ets,A-Y,8,912,0.2594447908852278,0.24091514594231012,-0.09890821753409075,0.07902760153990002,0.9912280701754386,0.9714912280701754,2.1691662164225987
ets,A-Z,1,640,0.11592093940123314,0.30832438616512536,-0.02021816764751366,0.03887455507322002,0.928125,0.890625,0.7406511333908823
ets,A-Z,2,640,0.20371706146062227,0.3684449989636434,-0.06455888364717866,0.05766063610399702,0.9125,0.846875,0.9355557955586781
ets,A-Z,3,640,0.22731335356074808,0.3194573112910253,-0.06663966961773561,0.06473984874637422,0.915625,0.8453125,1.0931291679450614
ets,A-Z,4,640,0.28314866191185895,0.6322564648136331,-0.09445680281004858,0.07560514844885516,0.9015625,0.859375,1.186227895805183
ets,A-Z,5,640,0.2896357438528887,0.5744100431924373,-0.10189468343403323,0.07817205097158358,0.9109375,0.8625,1.232088090345214
ets,A-Z,6,640,0.3449217324250495,0.5553852877109307,-0.15071538971999682,0.08686070959136265,0.9203125,0.853125,1.4029831878572825
ets,A-Z,7,640,0.32387739235372076,0.49688424496307354,-0.12763236954740917,0.08713516130466539,0.915625,0.875,1.4706696607648222
ets,A-Z,8,640,0.36989891963568183,0.46114192456608416,-0.160120127753957,0.09441452842829243,0.9046875,0.846875,1.581201633378227
ets,B-Y,1,256,0.09088135654320544,0.12304776120564674,-0.026770640397231493,0.029797451244765145,0.95703125,0.91796875,0.6580037121450271
ets,B-Y,2,256,0.16982933306618747,0.1347880608388001,-0.10776288074730674,0.06475380390336756,0.953125,0.8984375,0.8153196768037406
ets,B-Y,3,256,0.17545523609185465,0.1508762908850136,-0.1044710062597916,0.061645567103905605,0.94140625,0.90234375,0.9870871097536761
ets,B-Y,4,256,0.13784363282749496,0.1527544485359893,-0.054048847743183005,0.04768295794466235,0.96875,0.921875,1.08045586062164
ets,B-Y,5,256,0.14960451299118896,0.18106929125123888,-0.07277714337069942,0.050599620761697287,0.96875,0.93359375,1.1385002983724077
ets,B-Y,6,256,0.22361376316555903,0.17873438442754222,-0.15464796053279312,0.07092373306559771,0.96875,0.9375,1.2935977924359563
ets,B-Y,7,256,0.22077580627526117,0.19947232699471895,-0.1503659721943573,0.06647210815207769,0.9609375,0.9296875,1.3077904172642865
ets,B-Y,8,256,0.2232379734629968,0.20192265338043758,-0.15798118961627242,0.06415539431686428,0.95703125,0.8984375,1.396530303925482
ets,B-Z,1,710,0.0960970669349564,1.8470435652885266,-0.01487206252196093,0.027040006572819734,0.8901408450704226,0.8267605633802817,0.5123957953274402
ets,B-Z,2,710,0.1257414744899948,3.0899317722282267,-0.026175973135581135,0.039128200283524386,0.8591549295774648,0.795774647887324,0.6087480939821115
ets,B-Z,3,710,0.13834739516347658,0.626076183767224,-0.03099901623336542,0.03847723077836971,0.9028169014084507,0.8253521126760563,0.7063426698817536
ets,B-Z,4,710,0.12016185860838788,0.8371369330727931,-0.02838983363999737,0.033379034065781764,0.9225352112676056,0.8774647887323944,0.7594482997700007
ets,B-Z,5,710,0.145638617945454,0.9218051837398381,-0.03717024353351469,0.04084382528915745,0.9169014084507042,0.8450704225352113,0.792365912527981
ets,B-Z,6,710,0.16368760485075126,1.8059480178552219,-0.05442412839239046,0.046824179034595716,0.8985915492957747,0.8338028169014085,0.8934832043672929
ets,B-Z,7,710,0.1692298875240075,1.5622176805171344,-0.04487011498063678,0.04613254905668675,0.8971830985915493,0.8507042253521127,0.9271046812375323
ets,B-Z,8,710,0.18370180211008008,1.8856906388652954,-0.06692473490505091,0.045519893970233725,0.9253521126760563,0.8633802816901408,0.9890765184574495
ets,C-Z,1,48,0.1175289723479421,0.12611844888253215,-0.03774550450760629,0.03835943399453293,1.0,0.9791666666666666,1.0562147854182258
ets,C-Z,2,48,0.16185819915457245,0.19311953554292324,-0.015752655020365575,0.052412109855491607,1.0,1.0,1.4751062969881226
ets,C-Z,3,48,0.18907386251678998,0.21173964269982823,0.0022112528757981115,0.06550748703988277,1.0,1.0,1.9674171384780992
ets,C-Z,4,48,0.21718611101965102,0.25663125463377323,-0.08272952635065484,0.07036096121124151,1.0,0.9791666666666666,2.199375847564721
ets,C-Z,5,48,0.2557924882084216,0.3182229244750742,-0.10937694762716454,0.07518743275578703,1.0,0.9791666666666666,2.2766043635515887
ets,C-Z,6,48,0.2788098761732346,0.3707633419837056,-0.11115797784731621,0.08279646532335962,1.0,0.9791666666666666,2.4972037631362753
ets,C-Z,7,48,0.2794411106688142,0.31765803524859426,-0.056675755096636186,0.08993072426762522,1.0,1.0,2.566060588065863
ets,C-Z,8,48,0.2824071680900596,0.31031273033535944,-0.12865767153113442,0.08813896712270433,1.0,1.0,2.6793236169866743
lgbm,A-X,1,48,0.10233251844179536,0.11601129029006114,0.022875870281677414,0.026583069034997207,0.8125,0.6458333333333334,0.38089806006677085
lgbm,A-X,2,48,0.11331043567466263,0.1220570295748457,-0.013513214574148657,0.03141084749654814,0.8125,0.6875,0.3865745200473117
lgbm,A-X,3,48,0.13309110074626526,0.13365293248154173,-0.03258032826909321,0.03749956467877163,0.8125,0.6875,0.4285935998528623
lgbm,A-X,4,48,0.11411098521533117,0.12476443823386833,0.00022756098608603135,0.03378612785218845,0.8541666666666666,0.7291666666666666,0.44389528726688954
lgbm,A-X,5,48,0.10327190352857694,0.12978727202529797,-0.0009137833699519292,0.029810542089383635,0.7916666666666666,0.6666666666666666,0.485037697996483
lgbm,A-X,6,48,0.1203067396723112,0.13495727472483174,-0.057144953952801225,0.03332823418085332,0.7916666666666666,0.6041666666666666,0.5001582162977704
lgbm,A-X,7,48,0.15744032735166727,0.17537989968153897,-0.09834635266309569,0.04514024669155216,0.6458333333333334,0.5416666666666666,0.5174038943632703
lgbm,A-X,8,48,0.14992460129014124,0.15601495598144335,-0.08314369939793008,0.0497466433603197,0.7291666666666666,0.5625,0.5030645837312793
lgbm,A-Y,1,912,0.11488924033054966,0.12633834409865985,-0.037069814210891616,0.03033380171981239,0.8125,0.6480263157894737,0.4113594557558634
lgbm,A-Y,2,912,0.15014492661508622,0.16201077982519302,-0.03019247580030669,0.04497313780872773,0.756578947368421,0.6096491228070176,0.4398994102587321
lgbm,A-Y,3,912,0.14836203019554736,0.18749825494240605,0.002289817821755241,0.0451813388195506,0.7192982456140351,0.5657894736842105,0.46447978225170294
lgbm,A-Y,4,912,0.1657962688057965,0.21286585545513778,0.004339176935731198,0.048855837156390566,0.7006578947368421,0.5274122807017544,0.4809867179462981
lgbm,A-Y,5,912,0.16953327385936523,0.21358802988900483,-0.04907449937021396,0.048726911179201124,0.7368421052631579,0.5734649122807017,0.5277815130140702
lgbm,A-Y,6,912,0.19249062695163008,0.22753668197412671,-0.06354565040123125,0.058657790097583595,0.7214912280701754,0.5581140350877193,0.5266318758613806
lgbm,A-Y,7,912,0.19037352508368252,0.22088687089526005,-0.021276955351950365,0.05929524219532787,0.7028508771929824,0.5241228070175439,0.5233285613523252
lgbm,A-Y,8,912,0.18676873718714973,0.22111200544612697,-0.02924957362848477,0.06077150325186078,0.6885964912280702,0.5328947368421053,0.5123421296811733
lgbm,A-Z,1,640,0.1519775407822722,0.303115176539535,-0.03001270578811073,0.04454111151708008,0.790625,0.6375,0.5119718568093503
lgbm,A-Z,2,640,0.22173975108086624,0.34347672244220134,-0.0804287304607458,0.077299639272757,0.746875,0.603125,0.5273000958338419
lgbm,A-Z,3,640,0.21983376149220948,0.3546705468408407,-0.07816141161687697,0.07580597466923172,0.703125,0.575,0.5449414971071472
lgbm,A-Z,4,640,0.2888051583376541,0.5883225698352167,-0.08675372527285115,0.09121688076875692,0.696875,0.5140625,0.5696688565891975
lgbm,A-Z,5,640,0.28365140555878726,0.6219736523012285,-0.13724856229637172,0.08995247886184882,0.7,0.55,0.5784602173261914
lgbm,A-Z,6,640,0.322046905671652,0.5648618645081636,-0.1879970324736251,0.10976879003675433,0.6765625,0.5265625,0.6101592507038585
lgbm,A-Z,7,640,0.31389810768056414,0.595551365967172,-0.16833483164677726,0.09982479003512393,0.675,0.5078125,0.6091513868852758
lgbm,A-Z,8,640,0.30934476545650963,0.5297688091603544,-0.17029385679209225,0.10258950183852134,0.6625,0.521875,0.5926913151373123
lgbm,B-Y,1,256,0.10471272471050887,0.13330634736938915,-0.013619318283248949,0.03100163537474639,0.77734375,0.640625,0.37228944784093976
lgbm,B-Y,2,256,0.15866750221250248,0.1331257532736081,-0.08296653474308437,0.0580834204549495,0.78515625,0.640625,0.406656570533786
lgbm,B-Y,3,256,0.15732853237384456,0.1412562926022736,-0.06517510341519617,0.05517141463124799,0.76171875,0.59375,0.42158061075825304
lgbm,B-Y,4,256,0.12087885406856044,0.14545530304555143,-0.016885977337146352,0.031832953556239454,0.7265625,0.59765625,0.4491989290232182
lgbm,B-Y,5,256,0.12166566024488765,0.16998917288756135,-0.04508678872664241,0.033148460885537814,0.7421875,0.57421875,0.4652427310845978
lgbm,B-Y,6,256,0.17017573566994396,0.1639384549046587,-0.10585615993621122,0.055019593880737225,0.76953125,0.5703125,0.4929442232729889
lgbm,B-Y,7,256,0.18841585644145956,0.18658446801739037,-0.08949321455396228,0.06216539936639713,0.66796875,0.52734375,0.49163664708639254
lgbm,B-Y,8,256,0.17431042181626605,0.1823727763209291,-0.07466575702303213,0.052712743310316404,0.6875,0.54296875,0.49961419146963626
lgbm,B-Z,1,710,0.08150898552049482,0.1843453871950863,-0.005874853953922972,0.02303290530137888,0.8225352112676056,0.676056338028169,0.41484796686793635
lgbm,B-Z,2,710,0.1010547763047317,0.29552641704033333,-0.02651940536609763,0.030076573355195747,0.7873239436619718,0.6422535211267606,0.43975546347401384
lgbm,B-Z,3,710,0.10307099699076827,0.30315696129485875,-0.03215080215544072,0.030779308314539545,0.7647887323943662,0.6450704225352113,0.45913045926315627
lgbm,B-Z,4,710,0.11123493773704804,0.3596220107448987,-0.03200323961798313,0.02947004654617157,0.7676056338028169,0.6098591549295774,0.4606560480751897
lgbm,B-Z,5,710,0.11286020095178442,0.4966808304892565,-0.043824213108268596,0.03395396420549863,0.7549295774647887,0.643661971830986,0.4811584253182548
lgbm,B-Z,6,710,0.12584607304269707,0.6964886901095556,-0.06048676006719859,0.038414807325652375,0.7253521126760564,0.5732394366197183,0.48992695846671824
lgbm,B-Z,7,710,0.12964511433518822,0.8239769843833865,-0.05545761266440265,0.03878294788057751,0.7211267605633803,0.5929577464788732,0.4854198451451154
lgbm,B-Z,8,710,0.14654798466722352,0.6692305828825836,-0.06224779186022083,0.0439560891820029,0.6901408450704225,0.5450704225352113,0.5008308994240851
lgbm,C-Z,1,48,0.13105204369829895,0.13323338528494993,-0.07388030884787494,0.03891579409226228,0.7916666666666666,0.5833333333333334,0.44491897054901147
lgbm,C-Z,2,48,0.14961626613760043,0.1626244127583576,-0.0544898784236384,0.04418611711198251,0.7291666666666666,0.5208333333333334,0.45476017773646304
lgbm,C-Z,3,48,0.1277954109227178,0.1455229424402972,-0.02098983329508,0.03469315473921959,0.7916666666666666,0.4375,0.5381084767568759
lgbm,C-Z,4,48,0.0926579449909308,0.12344014310107038,-0.0019902412476962565,0.027701126904883133,0.8333333333333334,0.625,0.5643492385640727
lgbm,C-Z,5,48,0.1328003795551996,0.1601203019283884,-0.09082472045199229,0.034336949666830645,0.9166666666666666,0.6041666666666666,0.5942043799892123
lgbm,C-Z,6,48,0.16302062931795694,0.190943826714339,-0.10342057037482358,0.04377120389065009,0.7916666666666666,0.6666666666666666,0.6188985537962514
lgbm,C-Z,7,48,0.156209289114328,0.17391799938759314,-0.04914021847980013,0.05183573566916707,0.7083333333333334,0.6041666666666666,0.6166786959132626
lgbm,C-Z,8,48,0.14514821859264124,0.1575636649957378,-0.05442574806346115,0.049438693054036774,0.6875,0.5625,0.6223399936506374
ma4,A-X,1,48,0.12201785164141377,0.12794288620302904,0.008469547525433297,0.03132708790962692,0.9166666666666666,0.8125,0.7288306256728823
ma4,A-X,2,48,0.16512565732552173,0.16638513498318183,-0.01284789673988904,0.0440412693211485,0.9166666666666666,0.8333333333333334,0.8843178664346377
ma4,A-X,3,48,0.15872247944586865,0.15067495774137485,-0.02908887121221604,0.04644787725319783,0.9375,0.8333333333333334,1.0885257308467877
ma4,A-X,4,48,0.14654692160323873,0.14484184523994834,-0.0007197190595616262,0.042017749931000666,1.0,0.875,1.2716465768439058
ma4,A-X,5,48,0.1888150466273663,0.18808512570227873,0.005692207860738887,0.052528338930848975,0.9583333333333334,0.8541666666666666,1.388141927810136
ma4,A-X,6,48,0.21553645496291632,0.23035258859497884,-0.03541584613204922,0.05901119614754903,0.9375,0.8541666666666666,1.44015145711972
ma4,A-X,7,48,0.22038543281389797,0.22733445138576594,-0.060766465480980435,0.059008243667141504,0.9166666666666666,0.8541666666666666,1.518972169087966
ma4,A-X,8,48,0.2029594078934611,0.2101950395885642,-0.06766477192694711,0.05746518877949708,0.9583333333333334,0.8958333333333334,1.6279480701936362
ma4,A-Y,1,912,0.1556155856642878,0.1608896174531814,-0.04374629429168615,0.047748727546219956,0.9923245614035088,0.9550438596491229,1.2602769615047755
ma4,A-Y,2,912,0.19161505732156345,0.2081631538999785,-0.037165509619933465,0.05756999429341499,0.9890350877192983,0.9649122807017544,1.5161079088826646
ma4,A-Y,3,912,0.1946376361698116,0.2102702968842152,-0.019196828400166528,0.06387581310625497,0.981359649122807,0.9550438596491229,1.6822647670224695
ma4,A-Y,4,912,0.22796627378090722,0.23247512691136837,-0.06928501413075976,0.06795187533057358,0.9824561403508771,0.9495614035087719,1.7473327034370967
ma4,A-Y,5,912,0.22834236343142483,0.2332791789416497,-0.09016758421979316,0.06825932992822532,0.9879385964912281,0.9671052631578947,1.821435265771052
ma4,A-Y,6,912,0.2590205087852345,0.26997519884711496,-0.0963468247528203,0.07383392957882637,0.9857456140350878,0.9506578947368421,1.8385333758739755
ma4,A-Y,7,912,0.24679051803870425,0.23553638594340087,-0.05967961026279347,0.07563021531332757,0.981359649122807,0.9583333333333334,1.8752889426707642
ma4,A-Y,8,912,0.24665557339656505,0.22890487187960587,-0.1154275560106085,0.07480815300122831,0.9802631578947368,0.9484649122807017,1.868341464100494
ma4,A-Z,1,640,0.1973497757423839,0.9187198821124992,-0.038129173507472025,0.05865553677262545,0.9078125,0.853125,0.9366361481873385
ma4,A-Z,2,640,0.2729747148336326,0.4631821084777522,-0.08206874436352475,0.07226282243676423,0.9140625,0.8390625,1.084487980309237
ma4,A-Z,3,640,0.25973486356640063,0.4179232784829451,-0.08447537615421959,0.0727547654693079,0.9046875,0.834375,1.1908187991881491
ma4,A-Z,4,640,0.32847250403586353,0.6492126218547468,-0.11207638022456473,0.08143194867669011,0.9046875,0.8453125,1.2440332172382984
ma4,A-Z,5,640,0.3407326911155544,0.7239953816852643,-0.11964991346207104,0.08592042112436496,0.925,0.8546875,1.3187656067234892
ma4,A-Z,6,640,0.4012911477762175,0.7076994926998246,-0.16774431803885506,0.09521840723889766,0.89375,0.8125,1.3710082937711325
ma4,A-Z,7,640,0.3598937449854711,0.7489023023769859,-0.14534807814082062,0.09142482598040985,0.89375,0.84375,1.3961525272515023
ma4,A-Z,8,640,0.36172316837744195,0.7294178259795533,-0.17737351711608973,0.0937226176349288,0.8921875,0.821875,1.4531818047694007
ma4,B-Y,1,256,0.18072497731633877,0.1602074152382727,0.0054089114228419105,0.055156310485087436,0.94140625,0.859375,0.8208890707817738
ma4,B-Y,2,256,0.25704785400516417,0.16735734165025956,-0.07827202653928099,0.08446262679369018,0.9375,0.8828125,0.9500323759151055
ma4,B-Y,3,256,0.25779762410920964,0.17895937839731577,-0.07488263108372015,0.07863687094952061,0.9140625,0.84765625,1.030785821264332
ma4,B-Y,4,256,0.19117001232408892,0.1704448609002725,-0.022806894188976655,0.05471299558670321,0.9296875,0.86328125,1.0841285590706318
ma4,B-Y,5,256,0.20331435691527971,0.20535974512304672,-0.042166213097664815,0.0566589416888942,0.9453125,0.87109375,1.1680875286468648
ma4,B-Y,6,256,0.27793868373675273,0.20069381949209777,-0.12675150539993915,0.07923394913448219,0.93359375,0.859375,1.2333608157908942
ma4,B-Y,7,256,0.2552380839320429,0.21626965087074157,-0.12234007979750511,0.07110839992909586,0.9140625,0.83203125,1.265291616336694
ma4,B-Y,8,256,0.23801489839484335,0.20363312827458174,-0.13021837337609166,0.07039157125742251,0.875,0.8203125,1.298601507911367
ma4,B-Z,1,710,0.12028835501439075,0.2800724261096217,-0.01380142692638283,0.03479410046737933,0.8802816901408451,0.7830985915492957,0.6020545945272481
ma4,B-Z,2,710,0.149050916002947,0.5108896202951894,-0.024623119397444947,0.04511692401806768,0.8633802816901408,0.776056338028169,0.6838880807267542
ma4,B-Z,3,710,0.15934300906680254,0.4475069861709392,-0.028969238274522965,0.044372161983258454,0.8774647887323944,0.7830985915492957,0.7602042413893009
ma4,B-Z,4,710,0.1339804343174827,0.4545253961726483,-0.02587659322845233,0.036930465953391375,0.9154929577464789,0.8408450704225352,0.8103655618051193
ma4,B-Z,5,710,0.15902695623222818,0.5034501090783533,-0.03421360435216995,0.044673275011570424,0.9028169014084507,0.8084507042253521,0.8705521916501848
ma4,B-Z,6,710,0.17974513378430118,0.8194434530275309,-0.05107037865666709,0.05287255914015722,0.8633802816901408,0.7845070422535211,0.8833016822999638
ma4,B-Z,7,710,0.1770794888055256,0.7644010978726249,-0.04103573618100465,0.05064697012469006,0.8690140845070422,0.7746478873239436,0.8973792385960984
ma4,B-Z,8,710,0.1852701099860073,0.7901442671729899,-0.06275027288689317,0.0497983851329748,0.8788732394366198,0.7816901408450704,0.9306224919677185
ma4,C-Z,1,48,0.20159552829108207,0.23300144843224854,-0.07342189938904256,0.058246853088145145,1.0,0.9375,1.557326420899645
ma4,C-Z,2,48,0.20108341752543274,0.2727967601235613,-0.05263508435624326,0.06733324297806646,1.0,1.0,1.867148428245752
ma4,C-Z,3,48,0.19843207259957124,0.2404340843653724,-0.03566230553031741,0.07385318380107644,1.0,1.0,2.058309379361204
ma4,C-Z,4,48,0.23896733219967942,0.2732862514497495,-0.11762585363053615,0.07669219087100583,1.0,1.0,2.195197289606946
ma4,C-Z,5,48,0.2528689330275673,0.3000566878493715,-0.14344016045695815,0.07815773485211261,1.0,1.0,2.1648082535372106
ma4,C-Z,6,48,0.27347767532054074,0.3530346209997379,-0.14529724958537346,0.08186658296402073,1.0,1.0,2.226668152650328
ma4,C-Z,7,48,0.24814345791749337,0.28119849945351255,-0.09302999295603818,0.08597533812468929,1.0,1.0,2.3780951411287656
ma4,C-Z,8,48,0.25745183513944164,0.26468997972331726,-0.1623282463731088,0.08317703225426201,1.0,1.0,2.4254879762933763
seasonal_naive,A-X,1,48,0.34672677049319844,0.40735102948531815,0.3256566511766088,0.07318813002835763,0.7291666666666666,0.625,0.5687919351263369
seasonal_naive,A-X,2,48,0.2997908519271189,0.34802049685833797,0.2594293450739181,0.06019369699516587,0.8125,0.6875,0.6665341556060073
seasonal_naive,A-X,3,48,0.3099066193491896,0.3644700051843115,0.20883443718296027,0.07250353829350172,0.7083333333333334,0.5833333333333334,0.6227964165356883
seasonal_naive,A-X,4,48,0.32962027757531626,0.42038426315265465,0.2728000095682752,0.08182410951940863,0.7083333333333334,0.6041666666666666,0.5829791440652192
seasonal_naive,A-X,5,48,0.333334945266589,0.42901789001889146,0.3032699553447701,0.07697278563636153,0.7291666666666666,0.625,0.5879066041485642
seasonal_naive,A-X,6,48,0.28889281935901695,0.34017698894171894,0.23325500924749462,0.0646776385998713,0.75,0.6458333333333334,0.6802810637453183
seasonal_naive,A-X,7,48,0.28195386430409664,0.32737582834016493,0.1760233020068048,0.07263467312632162,0.7083333333333334,0.6041666666666666,0.6079726305076387
seasonal_naive,A-X,8,48,0.2873516653832797,0.34522011389448765,0.1801093734102378,0.08040000815523449,0.6458333333333334,0.5625,0.5999660197181285
seasonal_naive,A-Y,1,912,0.5709277719427883,0.5293006112911685,0.5206693428929903,0.11781017773882074,0.8201754385964912,0.7149122807017544,1.0710407622995826
seasonal_naive,A-Y,2,912,0.5311542997608535,0.5077388444505606,0.4664551063774843,0.10910952502962923,0.8081140350877193,0.6951754385964912,1.077542378043526
seasonal_naive,A-Y,3,912,0.579527250319043,0.5093206181828328,0.533260438814664,0.11380642574531744,0.8114035087719298,0.6951754385964912,1.077711994015531
seasonal_naive,A-Y,4,912,0.6907905276377933,0.609063335290917,0.6457031437608006,0.1385242445890837,0.7478070175438597,0.6600877192982456,1.0343667876914795
seasonal_naive,A-Y,5,912,0.6032211774459373,0.5639674057855328,0.5472050418717729,0.1268896278890304,0.7719298245614035,0.6776315789473685,1.050437588315261
seasonal_naive,A-Y,6,912,0.5552980963283917,0.5219512235136178,0.48797349774273313,0.1158842080789747,0.7543859649122807,0.6491228070175439,1.0633811716826025
seasonal_naive,A-Y,7,912,0.6261646030271842,0.5174651156186085,0.5762256817000985,0.12478844469142221,0.7598684210526315,0.6282894736842105,1.046241037014066
seasonal_naive,A-Y,8,912,0.6609598683453036,0.535040606061034,0.6150737114702419,0.13129100900113336,0.7456140350877193,0.6359649122807017,1.003651272991883
seasonal_naive,A-Z,1,640,0.7623393868688506,76.8940821007088,0.6073557340491699,0.17938342787163933,0.7875,0.66875,1.0806867638333137
seasonal_naive,A-Z,2,640,0.6703272638247166,34.52483455753919,0.49396864591053796,0.1539830356903286,0.76875,0.665625,1.0908121534206923
seasonal_naive,A-Z,3,640,0.668957640787056,58.118699934417926,0.5149512485585402,0.15119987684954828,0.7375,0.6421875,1.0879258243287528
seasonal_naive,A-Z,4,640,0.7437356096227329,67.74782267385542,0.5693813067223327,0.19953927915615655,0.74375,0.6484375,1.0840112438938374
seasonal_naive,A-Z,5,640,0.6935975245082872,78.32651837922309,0.49918377870004144,0.19058070162621718,0.7296875,0.6296875,1.0860805275175556
seasonal_naive,A-Z,6,640,0.6282768901913185,33.98644658501351,0.41292847498620444,0.16519707874342893,0.715625,0.6109375,1.0805286217976087
seasonal_naive,A-Z,7,640,0.6374151297030409,57.62461242532327,0.4527848905234437,0.15855650838420812,0.696875,0.6078125,1.0941090021093731
seasonal_naive,A-Z,8,640,0.6165108733206544,62.653480957303046,0.42457898787084136,0.1566795408900946,0.721875,0.6296875,1.0825666187094791
seasonal_naive,B-Y,1,256,0.2390962340798217,0.40552861275725166,0.2123237308788978,0.07159004519291498,0.79296875,0.68359375,0.8712409854452301
seasonal_naive,B-Y,2,256,0.2512951950893664,0.3829490210602416,0.19395981092382528,0.06980431271450634,0.77734375,0.69140625,0.8423495891783865
seasonal_naive,B-Y,3,256,0.26444629358962385,0.3767613153061685,0.20883736434957348,0.07408055564851714,0.77734375,0.62890625,0.8456577528706339
seasonal_naive,B-Y,4,256,0.2181968458271348,0.3597735753076161,0.16789133368415862,0.060653760874792476,0.77734375,0.671875,0.8565799813834694
seasonal_naive,B-Y,5,256,0.23224282810543545,0.40503606716659446,0.17246847531595297,0.07267181637504379,0.75,0.65625,0.8648625576844887
seasonal_naive,B-Y,6,256,0.25891385814282225,0.39338663688299763,0.1434738233012887,0.07154616085923822,0.74609375,0.64453125,0.8201703643424425
seasonal_naive,B-Y,7,256,0.27440720258281026,0.40066628457921677,0.15679923905838952,0.07459240058038168,0.7109375,0.55859375,0.8508354808408001
seasonal_naive,B-Y,8,256,0.2178014337460843,0.36182813420080384,0.1032188442160248,0.058685752093733626,0.71875,0.62109375,0.8448959467938211
seasonal_naive,B-Z,1,710,0.169181130321437,2.8311931175171514,0.06749676512382796,0.04223726903416018,0.8,0.6845070422535211,0.7732769877458943
seasonal_naive,B-Z,2,710,0.16210882462573356,2.962848953895398,0.06452253303966916,0.04164315026660432,0.8,0.6915492957746479,0.7484629076679958
seasonal_naive,B-Z,3,710,0.1603035960260323,2.522011671165637,0.06153602399382134,0.042170148573430884,0.7732394366197183,0.6549295774647887,0.7726174630534192
seasonal_naive,B-Z,4,710,0.1620607523252333,2.4530047001427713,0.04900345595120568,0.04276023329866513,0.7718309859154929,0.6788732394366197,0.7725311578425653
seasonal_naive,B-Z,5,710,0.16534953781310588,2.7975611372175,0.04159123356796318,0.0448901378270211,0.7788732394366197,0.6422535211267606,0.7596356590382107
seasonal_naive,B-Z,6,710,0.1587799108188768,3.1811674598132287,0.03461497712626932,0.04355720185732278,0.7633802816901408,0.6408450704225352,0.7640604568768004
seasonal_naive,B-Z,7,710,0.15876675932326878,2.782969974176586,0.0363065669684355,0.04412374768150028,0.752112676056338,0.6154929577464788,0.7960365832611975
seasonal_naive,B-Z,8,710,0.1638370216930983,2.733206144287985,0.00757004316656184,0.046391684416904895,0.752112676056338,0.6380281690140845,0.7828012544475083
seasonal_naive,C-Z,1,48,0.634338559173334,0.60146898356018,0.615397195511939,0.10924190080880203,0.9791666666666666,0.9583333333333334,1.11765486985484
seasonal_naive,C-Z,2,48,0.5755991207559156,0.5250666908901774,0.5603494739149457,0.09969431859751465,1.0,0.9166666666666666,1.1179691017691344
seasonal_naive,C-Z,3,48,0.6832891600958001,0.5988182551902644,0.6733234305424592,0.11890029625321286,0.9375,0.9166666666666666,1.133263190786804
seasonal_naive,C-Z,4,48,0.8889691429099409,0.8406704960418656,0.8889691429099409,0.15186717158511168,0.9166666666666666,0.8958333333333334,0.9933471783616419
seasonal_naive,C-Z,5,48,0.7113081264385953,0.6838264699518869,0.7113081264385953,0.11970709603853968,0.9583333333333334,0.9375,1.1068836734030065
seasonal_naive,C-Z,6,48,0.6554394562255489,0.6037165144211628,0.6546594812359998,0.11088632303654436,0.9791666666666666,0.8958333333333334,1.1189980485177222
seasonal_naive,C-Z,7,48,0.8039709834609123,0.7331693354008966,0.8039709834609123,0.13425891861643408,0.9166666666666666,0.875,1.0727945485329062
seasonal_naive,C-Z,8,48,0.9201950002695082,0.8414683732142519,0.9201950002695082,0.15382281086295674,0.9166666666666666,0.8958333333333334,0.8814971117258277
